Year,Month,usgdp,uspercon,usretail,usindusp,uscapu,usperin,usconsum,usnewhome,usdur,usunem,usconex,usbusi,usfeder,uscpi,uscci,usfederate,usm1,nvix
2000,1,0.00289753,0.01510004,-0.006763277,0.000172041,-0.00328658,0.013308853,0.004830708,0,0.003839382,0,-0.005705151,0.002426577,0.467740378,0.002957707,0.020950487,0,0,25.318958
2000,2,0.00289753,0.01510004,0.014724447,0.002769818,-0.00066179,0.007262968,0.006908141,-0.01966518,-0.052857862,0.024692613,0.01114489,0.00560869,2.489241386,0.004126148,-0.02732219,0.044451763,-0.012193086,24.452425
2000,3,0.00289753,0.01510004,0.011593443,0.003801818,0.00039444,0.006893172,0.007886145,0.050124387,0.054489615,-0.024692613,0.019613951,0.003683778,-0.17959299,0.005865119,-0.026629857,0.042559614,-0.000992735,23.72763
2000,4,0.01871155,0.00955524,-0.015180488,0.007328088,0.003952897,0.003675602,0.005796384,-0.067803103,0.010648122,-0.051293294,-0.005814571,0.005966525,1.221822354,-0.000584966,0.004366819,0,0.007287154,26.977818
2000,5,0.01871155,0.00955524,0.001283091,0.001593664,-0.001750312,0.004036988,0.008230886,0.018846259,-0.024697919,0.051293294,0.000296937,0.005532582,45.16975907,0.001753874,0.049585228,0.080042708,-0.009547042,23.686015
2000,6,0.01871155,0.00955524,0.00744475,0.000985482,-0.002325907,0.005710097,0.016310831,-0.077614697,0.039850894,0,-0.011989526,0.008800704,1.064611366,0.005824128,-0.038750886,0,-0.002174308,23.636873
2000,7,0.00120205,0.00967758,-0.002900825,-0.00144459,-0.004700004,0.007656202,0.012474093,0.112021761,-0.039285386,0,-0.014711456,0.000945678,-10.0428769,0.002899393,0.026932882,0,0.00081592,24.745944
2000,8,0.00120205,0.00967758,0.001055819,-0.002943714,-0.006180251,0.00460716,0.013326327,-0.044964347,0.004808379,0.024692613,0.027118284,0.006693707,1.485374508,0,-0.015504187,0,-0.002994965,22.762826
2000,9,0.00120205,0.00967758,0.016822507,0.003844999,0.000625668,0.00425344,0.010471291,0.072759354,0.020208045,-0.050010421,0.011099899,0.000164784,1.158592788,0.005197817,0.012001556,0,-0.000454566,23.65511
2000,10,0.0056679,0.0088659,-0.002239958,-0.003003951,-0.006212299,0.00286885,0.009302613,0.022765211,-0.03013212,0,0.002171207,0.005441192,6.807525837,0.001726619,-0.048158785,0,-0.000909753,26.856832
2000,11,0.0056679,0.0088659,-0.003248001,0.000192859,-0.002972509,0.001024368,0.009655965,-0.058483293,-0.008920365,0,0.004833295,0.005964094,0.522119038,0.001723643,-0.023846137,0,-0.005750552,29.437178
2000,12,0.0056679,0.0088659,-0.0008626,-0.002664532,-0.005785051,0.00290419,0.009377238,0.110687213,-0.0053212,0,-0.010466088,-0.000956149,1.725218882,0.002293579,-0.030630266,0,-0.003484644,27.790947
2001,1,-0.00284765,0.00421627,0.01097329,-0.006448741,-0.009543948,0.011307015,0.007474724,-0.048993644,-0.027548011,0.074107972,0.003644542,0.001713566,0.572316998,0.005711038,-0.105706178,-0.167054085,0.007413204,25.609368
2001,2,-0.00284765,0.00421627,-0.000218792,-0.0060968,-0.009204539,0.004481292,0.010838139,0.028437935,-0.002365191,0,-0.001022034,-0.005310647,2.585679289,0.002275314,-0.057819571,0,0.004094824,27.517168
2001,3,-0.00284765,0.00421627,-0.008367858,-0.002665947,-0.005705845,0.003775761,0.006747815,-0.025237933,-0.044903866,0.023530497,0.017555382,-0.004653307,0.049228218,0.00056802,0.068137805,-0.09531018,0.007058214,30.3381
2001,4,0.00528684,0.00256396,0.015641189,-0.002869936,-0.005783763,-0.000134607,0.00710686,-0.032470385,-0.038711159,0.022989518,0.017163472,-0.001378611,1.266928702,0.001702128,-0.061748007,-0.105360516,0.006919199,28.300646
2001,5,0.00528684,0.00256396,0.002447076,-0.006144671,-0.008917252,6.46E-05,0.004546155,-0.026757449,0.043398804,-0.022989518,0.006807327,-0.001964892,7.798094488,0.00508907,0.054881027,-0.117783036,0.001610594,26.520298
2001,6,0.00528684,0.00256396,-0.003897516,-0.005966028,-0.008607286,0.000537175,0.006263061,-0.003395589,-0.008117961,0.045462374,0.008902115,-0.00758553,1.876247568,0.002253522,0.023830915,-0.064538521,0.006860632,25.11233
2001,7,-0.00316756,0.0036484,-0.003204118,-0.005668482,-0.008209103,-0.00018599,0.002775974,-0.002270149,-0.027357021,0.021978907,-0.006164592,-0.006954888,-10.29858156,-0.001689665,-0.022109744,0,0.01121375,27.036138
2001,8,-0.00316756,0.0036484,0.006806737,-0.001361347,-0.003802871,-0.000682702,0.004999564,-0.016036999,0.002460813,0.063178902,-0.003540773,-0.001241065,1.035254407,0,-0.019974611,-0.068992871,0.009786011,25.601332
2001,9,-0.00316756,0.0036484,-0.019118174,-0.003829107,-0.006152823,-0.00162237,0.004360232,-0.015125361,-0.030393077,0.020202707,-0.011933357,-0.00547906,3.253175967,0.00393812,-0.16148747,-0.15415068,0.047128473,33.586971
2001,10,0.00277143,0.01516118,0.06470965,-0.004340739,-0.006516683,0.003340352,0.008555202,0.020882429,-0.028109348,0.058268908,0.010133434,-0.015821303,5.637016719,-0.00281136,-0.128536524,-0.182321557,-0.033741392,31.79759
2001,11,0.00277143,0.01516118,-0.025545917,-0.005000446,-0.007044718,0.000754184,0.015187351,0.059070095,0.017556168,0.037041272,-0.002402578,-0.011269707,0.858919786,-0.000563222,-0.004700361,-0.223143551,0.004536708,29.621818
2001,12,0.00277143,0.01516118,-0.011933935,0.000328176,-0.001563202,0.001000853,0.005373549,0.057819571,0.010384256,0.035718083,0.006823361,-0.006913587,3.042646893,-0.000563539,0.108183383,-0.133531393,0.010449949,26.702107
2002,1,0.00916578,0.0029896,-0.000694624,0.006311587,0.004561989,0.002540644,-0.000232476,-0.106609735,-0.042720118,0,0.010495647,-0.001079656,0.392462668,0.001689665,0.033267101,0,0.006234749,26.322974
2002,2,0.00916578,0.0029896,0.005438295,-0.000200925,-0.001745378,0.001096354,0.007727661,0.074432595,0.019493863,0,0.004281258,-0.004665652,1.574957926,0.001686815,-0.029047685,0,0,26.347739
2002,3,0.00916578,0.0029896,-0.002782288,0.007999124,0.00666203,0.00110585,0.006770653,-0.026725268,-0.004167088,0,-0.02084218,-0.003501173,-0.183972104,0.002805051,0.152946948,0,0.002265197,22.802204
2002,4,0.00550212,0.0050954,0.015952318,0.00413409,0.00302212,0.005285793,0.004879461,0.013986242,0.029587122,0.034486176,0.016078655,-0.001367043,1.956349561,0.004471779,-0.020073667,0,-0.005377712,25.747598
2002,5,0.00550212,0.0050954,-0.013531431,0.004171086,0.003269705,0.002245557,0.005581158,0.043894194,0.013386946,-0.017094433,-0.008548036,0.003626599,1.833054284,0.001114827,0.016453753,0,0.002020033,25.492332
2002,6,0.00550212,0.0050954,0.008460308,0.009499198,0.008805118,0.003418741,0.006542273,-0.021706279,-0.024046438,0,-0.004898367,0.001687503,3.7735888,0.000556948,-0.036938641,0,0.003190063,26.540096
2002,7,0.00485649,0.00696867,0.010430085,-0.002379493,-0.00285556,-0.000862215,0.006223093,-0.001045478,-0.002823668,0,0.000415607,0.005898231,1.996982064,0.002224695,-0.087439075,0,0.005183091,31.728115
2002,8,0.00485649,0.00696867,0.007769727,-1.29E-05,-0.000283081,0.001334312,0.004265149,0.058900271,-0.002540428,-0.017391743,-0.009632744,0.001273288,0.467016396,0.002773927,-0.030226376,0,-0.010308938,32.318059
2002,9,0.00485649,0.00696867,-0.014594277,0.001422395,0.001317704,0.002001944,0.001616818,0.029156584,-0.002066178,0,-0.008226756,0.00723563,2.290671888,0.00166067,-0.008501645,0,0.00755354,41.086744
2002,10,0.00063635,0.00535303,0.004034705,-0.002996139,-0.002956627,0.003117135,0.003326635,-0.037077418,0.001295076,0,0.009039291,0.001419102,1.783917739,0.002209946,-0.163084096,0,0.006583631,32.427174
2002,11,0.00063635,0.00535303,0.006567332,0.005127549,0.005295521,0.002571168,0.004093404,0.017734455,-0.002153666,0.034486176,0.005945207,0.00186664,0.081704397,0.00165426,0.06446,-0.336472237,0.004723439,27.597036
2002,12,0.00063635,0.00535303,0.008414363,-0.004822483,-0.004548892,0.002952135,0.003521755,0.023167059,-0.009346064,0.016807118,0.013200099,0.006336609,13.47785548,0.001651528,-0.050735518,0,0.008725053,28.546732
2003,1,0.00516658,0.00439113,0.004416202,0.00578932,0.006152723,0.000681859,0.005284443,-0.047884086,0.004481131,-0.033901552,0.009226848,-2.28E-05,0.556192984,0.004390786,-0.023825578,0,0.005801855,32.29759
2003,2,0.00516658,0.00439113,-0.013918695,0.003178094,0.003550493,0.001508723,0.005454978,-0.065139302,0.020004854,0.017094433,-0.00537411,0.007532493,1.110000724,0.00546151,-0.195607394,0,0.008842077,30.666803
2003,3,0.00516658,0.00439113,0.017559839,-0.002264464,-0.001872667,0.005055898,0.003906495,0.065139302,-0.007728867,0,-0.009463592,0.000641617,-0.641778623,0.001632653,-0.053895768,0,0.00104936,29.88759
2003,4,0.0092365,0.0110696,-0.002449636,-0.006996199,-0.006579433,0.003241669,0.006421263,0.012929071,-0.018788017,0.016807118,0.009735893,0.000940353,2.152958916,-0.003813679,0.27703932,0,0.008515476,25.083028
2003,5,0.0092365,0.0110696,0.002736442,0.000200879,0.000593765,0.006590383,0.006632409,0.063178902,0.009468253,0.016529302,0.008521299,-0.00418749,1.574634004,-0.001638897,0.031594365,0,0.014926835,25.18241
2003,6,0.0092365,0.0110696,0.010791399,0.00165491,0.002008483,0.005150716,0.002839808,0.101363671,0.014363042,0.032260862,0.016079958,-0.002750651,5.185916156,0.001092896,-0.001196888,-0.223143551,0.009178335,25.102404
2003,7,0.01660906,0.01463554,0.010362443,0.00431754,0.004613229,0.003413628,0.003336819,-0.021178259,0.003810206,-0.016000341,0.011736301,-0.002321112,1.391408555,0.003271541,-0.08104121,0,0.005451302,22.946678
2003,8,0.01660906,0.01463554,0.016581988,-0.001514099,-0.001267211,0.00427461,0.00443118,0.032016214,0.013597772,-0.016260521,0.011795332,-0.005790271,0.291785812,0.004345471,0.05924858,0,0.006656887,21.717962
2003,9,0.01660906,0.01463554,-0.006113337,0.005899187,0.006096905,0.004155496,0.003880196,-0.064206901,0.010408424,0,0.010753219,0.003500702,4.272669003,0.003246756,-0.05924858,0,0.000694096,22.408947
2003,10,0.01162443,0.00773652,-0.003680773,0.001482909,0.001651476,0.003891672,0.004077209,0.011428696,0.030990649,-0.016529302,0.015395545,0.005333613,1.336501546,-0.001081081,0.05924858,0,0.000462463,20.63241
2003,11,0.01162443,0.00773652,0.012124009,0.007696734,0.007846167,0.007880201,0.000438051,-0.045604684,-0.001248589,-0.033901552,0.00027326,0.001784086,-0.618417072,0.000540687,0.124154643,0,0.00107825,20.19165
2003,12,0.01162443,0.00773652,-0.003636757,-0.000782931,-0.000646513,0.003318069,0.005290183,0.032406076,-0.002574128,-0.017391743,0.024014265,0.002470257,-1.435997732,0.002699057,0.024560765,0,0.005526996,20.964381
2004,1,0.00573419,0.00967684,0.005990343,0.002617202,0.00275226,0.003046965,0.005224873,0.031388802,-0.010915129,0,-0.010242142,0.000448562,-9.802204532,0.004303396,0.03013215,0,-7.66E-05,20.11619
2004,2,0.00573419,0.00967684,0.006892834,0.005954189,0.006092156,0.003878975,0.003392941,-0.005163523,0.006093904,-0.017699577,-0.000181094,0.009144121,0.983112894,0.002144773,-0.098899007,0,0.011720965,18.242365
2004,3,0.00573419,0.00967684,0.017568353,-0.004955858,-0.004817355,0.004939831,0.006839386,0.096172621,0.063086195,0.03509132,0.023469151,0.007996966,-0.326251834,0.002140183,0,0,0.005583656,19.243377
2004,4,0.00730343,0.00647092,-0.010786496,0.004488563,0.004619997,0.004872829,0.001419006,-0.073143884,-0.031932958,-0.03509132,0.00706694,0.006646102,5.147969052,0.001602137,0.049596941,0,0.00293024,18.303705
2004,5,0.00730343,0.00647092,0.017240607,0.007921729,0.00802535,0.008816439,0.003837441,0.045331206,0.008077406,0,0.006588352,0.006124834,1.281414597,0.004259857,0.001074691,0,0.000375052,16.836968
2004,6,0.00730343,0.00647092,-0.012638947,-0.008236518,-0.008181458,0.003724788,0.003365759,-0.050403068,-0.001723723,0,0.009108854,0.010178408,4.266209998,0.003712547,0.099111169,0.223143551,0.006428967,17.471499
2004,7,0.0090483,0.00951543,0.011337013,0.007641913,0.007641263,0.004362002,0.00426889,-0.08117329,-0.008843778,-0.018018506,0.023173271,0.009706409,1.276518219,0.001058201,0.02781954,0,-0.000969173,17.739487
2004,8,0.0090483,0.00951543,0.001342691,0.000755388,0.000680956,0.004714844,0.002963253,0.076926999,0.022918954,-0.018349139,0.007530324,0.008365053,-0.681415929,0.000528681,-0.068519946,0.182321557,0.009797451,16.92195
2004,9,0.0090483,0.00951543,0.017379148,0.000866748,0.00068305,0.002783068,0.007767138,0.032652545,0.016506188,0,-0.001415588,1.15E-05,2.671285198,0.00316623,-0.020471544,0.15415068,0.006111723,16.923222
2004,10,0.00860645,0.01020792,0.006666599,0.009452122,0.00914412,0.004969453,0.007641977,0.072282348,-0.005236939,0.018349139,0.003227063,0.006433645,1.434685082,0.005254873,-0.040089757,0,-0.000146832,18.530499
2004,11,0.00860645,0.01020792,0.003348736,0.0021535,0.001709047,0.001476847,0.003223058,-0.101536419,0.013007628,-0.018349139,0.007502591,0.011117445,0.009655414,0.004705891,-0.003234504,0.133531393,0.009063065,16.982673
2004,12,0.00860645,0.01020792,0.012241895,0.007223336,0.00665008,0.033661576,0.003884756,0.052056362,0.023131606,0,0.014046562,0.002367407,-21.32331121,0,0.103522975,0.117783036,0.001381467,17.06241
2005,1,0.01060316,0.00761563,-0.009622067,0.004687537,0.003992702,-0.023739465,0.002064906,-0.031904547,0.005160587,-0.018692133,0.007898881,0.00850882,1.315938811,-0.000521785,0.023100161,0,-0.006268242,15.853021
2005,2,0.01060316,0.00761563,0.013087254,0.006704847,0.005834908,0.003762234,0.006705993,0.092055437,0.012707184,0.018692133,0.01937392,0.007267574,1.071237114,0.004166673,-0.006682602,0.105360516,0.00292035,15.343218
2005,3,0.01060316,0.00761563,0.001665149,-0.001402622,-0.00240421,0.005948518,0.003899352,0.006800177,-0.016538634,-0.037740328,0.004764629,0.006278864,-0.586484301,0.003631651,-0.013500687,0.09531018,-0.000218731,17.101804
2005,4,0.00520761,0.01080617,0.008959061,0.001501154,0.000412739,0.005277207,0.005540964,-0.05256233,-7.30E-05,0,0.008813397,0.004493044,2.238243215,0.003102381,-0.05487661,0,-0.009377358,17.386215
2005,5,0.00520761,0.01080617,-0.006142128,0.001328231,0.000138373,0.00518603,6.10E-05,0.020424905,0.003257178,-0.019418086,0.011556059,0.001000245,2.600552639,-0.000516396,0.055847013,0.087011377,0.005432003,15.982442
2005,6,0.00520761,0.01080617,0.027933196,0.003876129,0.002600587,0.00397784,0.006767973,-0.009375069,0.027920468,-0.019802627,0.011216981,-5.25E-05,2.610376897,0.000516396,0.029624718,0.080042708,0.009399319,14.833023
2005,7,0.00836571,0.00772724,0.007466287,-0.003106322,-0.004432149,0.007035804,0.004171982,0.086422507,-0.038730989,0,0.011550335,-0.004559616,1.420882105,0.006176036,-0.024786779,0,-0.00808247,14.552703
2005,8,0.00836571,0.00772724,-0.00947704,0.002719184,0.001372739,0.005780117,0.004338354,-0.101448491,0.050455326,-0.020202707,0.009612204,0.0035452,-0.046222274,0.006138127,0.018173623,0.074107972,0.007139245,15.263208
2005,9,0.00836571,0.00772724,0.001888652,-0.018813094,-0.020174254,0.004937457,0.002021911,-0.008803578,0.007835366,0.020202707,0.016881883,0.005967426,2.448487257,0.013674561,-0.18707216,0.068992871,0.000217746,15.17247
2005,10,0.00569898,0.00375976,0.000409852,0.012523916,0.011165991,0.006591675,0.002290816,0.071348081,0.009665713,0,0.010465333,0.006514701,1.745267255,0.001507917,-0.02663736,0,-0.001234523,15.881899
2005,11,0.00569898,0.00375976,0.009337347,0.010114954,0.008765051,0.00479946,0.002990079,-0.095759382,0.016118883,0,0.010058494,0.007396408,0.430891275,-0.005035257,0.143022593,0.064538521,0,15.263246
2005,12,0.00569898,0.00375976,0.000230305,0.006136927,0.004797169,0.005667522,0.003177057,0.02038391,-0.002626699,-0.020202707,0.010229339,0.01028553,8.574724173,0,0.054441944,0.060624622,-0.000872347,14.031788
2006,1,0.0119423,0.0111508,0.028171277,0.001167272,-0.000170089,0.019429679,0.032865298,-0.053887881,0.024037671,-0.041672696,0.009317353,0.006661134,0.476865102,0.006039274,0.028491956,0,0.004281729,15.611077
2006,2,0.0119423,0.0111508,-0.007373246,0.000122687,-0.001218784,0.005535108,0.003165557,-0.101204862,-0.001609405,0.021053409,0.007799243,0.003372018,1.175817909,0.00050163,-0.03914581,0.057158414,-0.000869376,15.322452
2006,3,0.0119423,0.0111508,0.002699999,0.001957991,0.00059529,0.004137466,0.004549917,0.050539004,0.017139146,-0.021053409,-3.49E-05,0.009736527,-0.398166063,0.001503383,0.045678731,0.054067221,0.003111773,14.601897
2006,4,0.0029837,0.00531004,0.004930678,0.004052043,0.002645311,0.00369971,0.004964048,0.006252812,-0.011362642,0,-0.010149941,0.0062005,1.717605877,0.004995015,0.021169682,0,-0.00159086,14.273289
2006,5,0.0029837,0.00531004,-0.002013648,-0.001036083,-0.002534742,0.001263096,0.003946378,-0.033502454,0.012808096,-0.021506205,-0.010237927,0.010972666,3.769734542,0.002985077,-0.047561411,0.051293294,0.00390033,18.003238
2006,6,0.0029837,0.00531004,0.003288634,0.003876113,0.002254661,0.004455283,-0.004725526,-0.011111225,0.008758121,0,-0.007331807,0.008935659,3.09129015,0.002480775,0.006663518,0.048790164,-0.009852296,15.92282
2006,7,0.00089394,0.00581893,0.003144161,-0.000364863,-0.002115536,0.002901436,0.003036553,-0.107017174,-0.01410107,0.021506205,-0.012266996,0.003698184,1.618652756,0.005436139,0.015066198,0,-0.002405337,15.232433
2006,8,0.00089394,0.00581893,0.004682535,0.003852781,0.001944475,0.002907471,0.005243101,0.070028604,-0.01414352,0,-0.010187458,0.007746602,0.487553502,0.004425874,-0.065660646,0,0.001239835,14.793396
2006,9,0.00089394,0.00581893,-0.004807889,-0.002059171,-0.004096859,0.004239235,0.00457661,-0.018528078,0.023441006,-0.043485112,-0.008680302,0.004013403,2.152224616,-0.004918849,0.055327064,0,-0.006287949,14.832532
2006,10,0.00779668,0.01014373,-0.00139109,-0.000539705,-0.002696076,0.003782849,0.001065287,-0.076685489,-0.005061229,-0.022472856,-0.011386206,0.003205015,2.138804972,-0.004447746,-0.007582975,0,0.004683164,13.892519
2006,11,0.00779668,0.01014373,0.002240404,-0.001093035,-0.003336831,0.004855679,0.004660732,0.063807648,-0.000573357,0.022472856,-0.000906685,0.004091893,0.324758358,0.000495172,0.001901141,0,0.000729767,13.842528
2006,12,0.00779668,0.01014373,0.012348773,0.010461614,0.008177839,0.007841392,0.006520389,-0.004997512,0.033258958,-0.022472856,0.011157707,0.00075929,2.740711613,0.005430771,0.043666947,0,-0.002337132,14.73241
2007,1,0.0006176,0.00524341,-0.000313468,-0.005201515,-0.00749932,0.00564798,0.000500494,-0.113408849,-0.037059233,0.044451763,0.003129419,0.002622888,-0.097421278,0.001657906,0.001816531,0,0.004814365,13.622517
2007,2,0.0006176,0.00524341,0.001071985,0.010219672,0.007948861,0.006758526,0.00491249,-0.073331273,0.015198976,-0.021978907,0.000298617,0.004731278,1.318651921,0.003870849,0.009033485,0,-0.006863846,16.263433
2007,3,0.0006176,0.00524341,0.008621922,0.002020281,-0.0001937,0.006839107,0.005806176,0.006020488,0.007389014,-0.022472856,0.007004161,0.001383287,-0.246421523,0.005186647,-0.027349015,0,0.002049481,17.350486
2007,4,0.00762007,0.00339211,-0.002648141,0.007184475,0.005092007,0.001966961,0.003734952,0.06281134,0.014849417,0.022472856,0.003378615,0.00538389,1.541835046,0.002996169,-0.017716081,0,0.008156177,16.392024
2007,5,0.00762007,0.00339211,0.012880017,0.000383652,-0.00152451,0.002379618,0.006509662,-0.052064968,-0.000706041,-0.022472856,0.009504185,0.006856581,3.624470081,0.004124477,0.020484888,0,0.001521905,16.243256
2007,6,0.00762007,0.00339211,-0.00752282,0.00023911,-0.00141655,0.001282185,0.003620896,-0.059956793,-0.024520154,0.044451763,0.001128815,0.004958876,3.463483862,0.002314072,-0.029936754,0,-0.010995123,20.172051
2007,7,0.00670336,0.00443462,0.003957889,-0.000432353,-0.00174124,0.003523738,0.005757878,-0.019096697,0.013913893,0.021506205,-0.00682325,0.001254197,1.753998957,0.001779012,0.060792196,0,0.001901837,21.697632
2007,8,0.00670336,0.00443462,0.004707339,0.002073972,0.001159924,0.001318695,0.007509971,-0.107075782,0.009205312,-0.021506205,0.003241413,0.004340193,0.688415275,0.000308233,-0.057947244,0,0.005538565,23.496708
2007,9,0.00670336,0.00443462,0.004060595,0.003918274,0.003353101,0.006485824,0.005558198,-0.018773115,-0.000935058,0.021506205,-0.000384099,0.005509217,2.036388283,0.0042286,-0.059500727,-0.100083459,-0.001236229,19.040523
2007,10,0.00356275,0.00125453,0.006469244,-0.004128343,-0.004361601,0.001305976,0.00595446,0.05804885,0.012312873,0,-0.004588639,0.003267834,2.985748971,0.003078494,-0.044177702,-0.054067221,0.003341569,20.036645
2007,11,0.00356275,0.00125453,0.009470348,0.005589948,0.005659469,0.004415693,0.005916366,-0.125897021,-0.001587123,0,-0.016867815,0.006457731,0.421425518,0.007828164,-0.080918441,0,-0.005308138,22.508185
2007,12,0.00356275,0.00125453,-0.012114472,0.00046806,0.000789505,0.006816818,0.004542717,-0.034924184,0.023100369,0.061875404,-0.016726617,0.007348968,3.035556661,0.002893823,0.031392712,-0.057158414,0.002330324,22.412555
2008,1,-0.00684941,-0.00206844,0.00250289,-0.00266127,-0.002121973,0.004493338,0.003806202,0.012841268,0.002093769,0,-0.003336684,0.009435112,-1.70536465,0.003441775,-0.03710375,-0.348306694,0.004427195,31.812481
2008,2,-0.00684941,-0.00206844,-0.009110333,-0.003425387,-0.00277312,0.00395899,0.005736212,-0.055752142,-0.022415205,-0.020202707,-0.011989972,0.004238626,1.101610248,0.002414909,-0.133367767,0,0.001230324,30.287872
2008,3,-0.00684941,-0.00206844,0.002449711,-0.002392231,-0.001671791,0.005397609,0.004207207,-0.102927652,0.020076979,0.040005335,0.00476467,-0.000744033,-2.6414793,0.003571642,-0.147844255,-0.287682072,0.005337963,29.973078
2008,4,0.00495144,0.00168569,-0.000464232,-0.007598907,-0.006888964,-0.000985332,0.00326032,0.001867414,0.01886043,-0.019802627,-0.001371467,0.005255425,1.302683291,0.002311707,-0.048183368,-0.117783036,0.001509651,24.642971
2008,5,0.00495144,0.00168569,0.009254576,-0.005684931,-0.0051211,0.045087486,0.002239155,-0.061557893,-0.018108915,0.076961041,-0.000391286,0.001955775,1.959952268,0.005900052,-0.07778941,0,0.00100517,22.052797
2008,6,0.00495144,0.00168569,0.001113635,-0.002417432,-0.002101376,-0.018108008,0.000832814,-0.034312145,0.021563771,0.036367644,-0.010650533,0.006308365,5.946105464,0.010423719,-0.130340031,0,0.006009891,28.072937
2008,7,-0.00480416,-0.00725421,-0.003771164,-0.005286416,-0.005315237,-0.011703308,0.001093051,-0.020747632,-0.026062947,0.03509132,-0.002359577,0.006907857,1.326437475,0.007116065,0.017493157,0,0.010713501,28.152709
2008,8,-0.00480416,-0.00725421,-0.00737035,-0.015496717,-0.01589616,-0.008892918,-0.001157558,-0.09217046,-0.034243061,0.050430854,-0.01662803,0.000946093,0.081732402,-0.001489585,0.119707964,0,-0.007295425,26.072752
2008,9,-0.00480416,-0.00725421,-0.015033848,-0.044296395,-0.044956768,0.000592785,-0.001822929,-0.004608303,-0.027170618,0,-0.008658478,-0.005848225,3.447063454,0.000854726,0.048383081,0,0.037669237,42.913218
2008,10,-0.02135627,-0.01210413,-0.038296752,0.009581717,0.008707131,-0.001694169,0.001256223,-0.096928116,-0.078684524,0.063513406,-0.003035064,-0.009241352,1.294046923,-0.008635616,-0.458989589,-0.693147181,0.00858901,57.897715
2008,11,-0.02135627,-0.01210413,-0.039294381,-0.012715621,-0.013721714,-0.006074154,-0.003481834,-0.010230268,-0.022836557,0.045120435,-0.020445273,-0.013420452,-0.242266436,-0.017864094,0.141553255,0,0.02731642,56.32794
2008,12,-0.02135627,-0.01210413,-0.021622995,-0.02961752,-0.030695625,-0.011115065,-0.002905399,-0.031334156,-0.07726176,0.070951736,-0.034988043,-0.020400833,-1.419156007,-0.008267605,-0.146721225,-1.386294361,0.057367537,36.917916
2009,1,-0.01395208,-0.00343462,0.014463198,-0.024081231,-0.025198584,-0.010128443,0.001479915,-0.115134027,-0.11392422,0.066249386,-0.031079889,-0.012369508,0.184424098,0.002527574,-0.031581572,0,-0.010154281,42.367977
2009,2,-0.01395208,-0.00343462,-0.004023767,-0.006565271,-0.007504171,-0.008769599,-0.003785231,0.101782694,0.019375888,0.062131781,-0.003754782,-0.015129345,0.672664153,0.003636042,-0.390866309,0,-0.010895148,45.59798
2009,3,-0.01395208,-0.00343462,-0.017522765,-0.015927134,-0.016745264,-0.003323591,-0.00609327,-0.092893747,-0.030363657,0.047067511,-0.007241181,-0.014236811,-0.011848279,-0.000987771,0.061321891,0,0.006601941,40.918151
2009,4,-0.00135465,-0.00452303,0.004855561,-0.008038197,-0.008747825,0.003066922,-0.003252471,-0.005917177,-0.027373441,0.033901552,-0.032944031,-0.012511642,-8.163868561,0.001006576,0.416555795,0,0.0199825,33.737417
2009,5,-0.00135465,-0.00452303,0.008725912,-0.01010915,-0.010548051,0.015173977,-0.001561442,0.109506213,0.024479006,0.043485112,-0.014913514,-0.012062479,0.889760666,0.001470412,0.295008113,0,0.003096169,33.101621
2009,6,-0.00135465,-0.00452303,0.016694274,-0.003879022,-0.003973513,-0.010259647,-0.007165617,0.044220468,0.022464976,0.010582109,-0.007173316,-0.012666108,-1.010463045,0.00826536,-0.105766113,0,0.023464354,28.272552
2009,7,0.00326302,0.00604783,0.00186361,0.010955124,0.011257059,-0.00351699,-0.001143629,0.044783603,0.022945983,0,-0.001223196,-0.010600904,0.47790569,-0.00029801,-0.039301852,0,0.000965834,29.072179
2009,8,0.00326302,0.00604783,0.017902499,0.011249864,0.011942028,0.000306901,-0.003279775,0.016888218,-0.00233218,0.0104713,-0.013713709,-0.014284389,-0.744773309,0.00334286,0.139578473,0,0.001145717,27.292598
2009,9,0.00326302,0.00604783,-0.023822778,0.007532409,0.008583994,0.002743817,-0.002228434,-0.079644063,0.038550061,0.020619287,-0.012330873,-0.003280287,-1.290685071,0.001929025,-0.020389956,0,0.002407754,28.062485
2009,10,0.009634,-0.00010735,0.009253757,0.003262322,0.004625946,-0.000816644,-0.005326351,0.025576842,-0.000760049,0.020202707,-0.018084064,0.005160173,0.743670725,0.002997435,-0.092131716,0,0.008381777,26.790781
2009,11,0.009634,-0.00010735,0.007932651,0.004002399,0.005621353,0.004633519,-0.003785608,-0.054488185,0.004478405,-0.010050336,-0.015197274,0.006700945,-0.466185041,0.003342997,0.038272546,0,0.002917103,25.83225
2009,12,0.009634,-0.00010735,0.004915666,0.002980562,0.004812079,0.003805646,0.00198755,-0.06329485,0.014712623,0,-0.017912218,-0.00086973,-0.315906356,0.000520041,0.057597492,0,0.007049166,23.35256
2010,1,0.00431912,0.00534656,0.000294693,0.011669517,0.01368525,0.004290693,-0.005654224,-0.020086759,0.014404434,-0.010152371,-0.029381694,0.000905765,-1.144063424,0.000648522,0.05269157,0,-0.008953248,33.218663
2010,2,0.00431912,0.00534656,0.001792288,0.003510223,0.005602823,-0.001852335,-0.004173736,-0.026433257,0.014246653,0,-0.007650264,0.005487609,0.807006505,-0.00095223,-0.196941179,0,0.013899381,33.073737
2010,3,0.00431912,0.00534656,0.022276307,0.006533525,0.008701957,0.00344074,0.002651085,0.125688215,0.046914939,0.010152371,0.008461524,0.00605077,-2.37848502,0.000331313,0.119696912,0,0.006440303,26.30429
2010,4,0.00961399,0.00810405,0.007476066,0.003767847,0.005993672,0.007274372,-0.002447436,0.102205939,-0.026594085,0,0.012297815,0.004007443,0.209241858,0.000230014,0.098260802,0,-0.008145133,29.671476
2010,5,0.00961399,0.00810405,-0.009138441,0.014299171,0.016482677,0.007560923,-0.002585634,-0.410215711,0.039714938,-0.030771659,-0.004087358,0.002245904,0.391666115,-0.000519907,0.083104274,0,0.006334332,32.657979
2010,6,0.00961399,0.00810405,0.000307847,0.001410476,0.003489187,0.001463412,-0.001589501,0.085522173,0.010019582,-0.021053409,0.001147993,0.008514615,-0.986597878,-0.000418883,-0.143837221,0,0.010758107,32.823804
2010,7,0.00672664,0.0064496,0.001298126,0.004270144,0.006165165,0.00329191,-0.000708191,-0.074864879,-0.022151863,0,-0.031952239,0.008399222,0.585429252,0.001867509,-0.062698594,0,-0.005102939,29.518846
2010,8,0.00672664,0.0064496,0.005991822,0.003224582,0.004917778,0.005221026,0.000120106,-0.003539827,0.024278666,0.010582109,0.001826659,0.008715338,-0.823155778,0.001460297,0.042232764,0,0.015918209,28.271141
2010,9,0.00672664,0.0064496,0.007206574,0.002180666,0.003628457,0.000589245,0.000323935,0.116994703,0.010358601,0,0.006265714,0.01228062,-1.615829168,0.001613946,-0.090434865,0,0.009736732,29.513936
2010,10,0.00628135,0.01018773,0.011668434,-0.002634826,-0.001427334,0.005229239,0.003704513,-0.085578507,-0.029930818,-0.010582109,-0.005675929,0.009582739,0.753567563,0.003475799,0.026397472,0,0.008575995,30.410806
2010,11,0.00628135,0.01018773,0.010497233,0.000404759,0.001363228,0.00471776,1.82E-05,-0.013841051,0.052080849,0.041672696,-0.000780194,0.007005238,0.066239345,0.002530637,0.146967773,0,0.026444981,34.762757
2010,12,0.00628135,0.01018773,0.005183209,0.009376989,0.010086076,0.009417801,0.045637792,0.127415166,0.015565844,-0.052367986,-0.014653169,0.012190605,-0.924821461,0.004008531,0.092475086,0,0.005347606,28.775645
2011,1,-0.00386985,0.00500373,0.006704442,-0.001016825,-0.000560763,0.015688108,0.003105855,-0.060049634,-0.017343248,-0.021739987,-0.041382477,0.006611423,-0.569081854,0.003237795,0.021841742,0,0.010933211,28.751996
2011,2,-0.00386985,0.00500373,0.008875235,-0.004404267,-0.004227736,0.005479205,0.003532612,-0.128425789,-0.00870062,-0.011049836,0.003054783,0.006275867,0.776204794,0.003209319,0.105360516,0,0.009162824,25.011911
2011,3,-0.00386985,0.00500373,0.009000641,0.009901123,0.009816009,0.002486553,0.003125086,0.105360516,0.031783941,0,0.014760691,0.013288016,-0.182579164,0.005160211,-0.120912929,0,0.009449558,28.52534
2011,4,0.00724817,0.0020096,0.006164095,-0.003453837,-0.00379335,0.001880241,0.002173408,0.032789823,-0.016495405,0.011049836,0.000363085,0.008585025,-3.658776339,0.004683116,0.033901552,0,0.004481121,29.857956
2011,5,0.00724817,0.0020096,-0.001279742,0.002101138,0.001501662,0.002822624,0.002821284,-0.016260521,0.016715256,-0.011049836,0.009639103,0.012223343,0.299335542,0.003176664,-0.067370811,0,0.019378634,30.952134
2011,6,0.00724817,0.0020096,0.007588763,0.002635242,0.001786388,0.005015137,0.00318264,-0.013201512,0.003387834,0.011049836,0.027002023,0.005369219,-0.337999071,0,-0.068761363,0,0.008169602,28.722049
2011,7,0.00210552,0.00434291,-0.001062676,0.005288876,0.004213541,0.00644404,0.008093488,-0.01675081,0.015576755,-0.011049836,-0.006479495,0.003214666,0.667017067,0.002616611,0.027398974,0,0.022415997,30.731779
2011,8,0.00210552,0.00434291,0.002965879,0.00578236,0.004515584,0.001641597,-0.002973665,0.010084119,-0.004167587,0,0.016623073,0.005618115,0.035536703,0.003149497,-0.269824455,0,0.055285814,35.771321
2011,9,0.00210552,0.00434291,0.009810315,-0.000522334,-0.001935555,-0.000974729,0.003896399,0.016584128,0.008687004,0,0.002039227,-0.002780058,-1.137737052,0.002169193,0.026202372,0,0.006794723,35.866645
2011,10,0.01119496,0.00335385,0.005719798,0.006941101,0.005409362,0.001023983,0.00311783,0.038714512,0.020890395,-0.022472856,-0.005407339,0.006975127,0.362724189,0.00067498,-0.126169396,0,0.006001237,30.856698
2011,11,0.01119496,0.00335385,0.004219961,-0.000616714,-0.002238943,0.000266739,0.006636606,0.037271395,-0.005072842,-0.022989518,0.004528402,0.005230459,0.282850942,0.001846145,0.29983289,0,0.012357307,28.328701
2011,12,0.01119496,0.00335385,0.000681608,0.005455785,0.003777261,0.008141557,0.004102394,0.038868869,0.021671734,-0.01169604,0.010717494,0.005430888,-0.597147743,0.00023768,0.16034265,0,-0.000600393,30.87483
2012,1,0.00661261,0.00601525,0.008922597,0.006029177,0.004313875,0.00700585,0.003922975,-0.017751945,-0.022629896,-0.023810649,0.010237131,0.004522943,-2.13668041,0.002720492,-0.052268429,0,0.018718654,26.446177
2012,2,0.00661261,0.00601525,0.012107525,0.002784765,0.00107363,0.007937902,0.003355128,0.088502802,0.014602728,0,0.002169196,0.008462536,0.881701679,0.002135165,0.152057899,0,0.00280721,29.66306
2012,3,0.00661261,0.00601525,0.00403252,-0.004878189,-0.006577416,0.005076728,0.00498073,-0.03333642,-0.000228063,-0.012121361,0.00423865,0.004178167,-0.169158798,0.002091282,-0.029768321,0,0.008240135,25.169406
2012,4,0.00465723,0.00169506,-0.004679935,0.007614188,0.005941904,0.004081992,0.004607119,0,-0.010389466,0,0.007553448,0.004306603,4.351946141,0.001659411,-0.011577553,0,0.008039347,28.694018
2012,5,0.00465723,0.00169506,-0.001441315,0.001782885,0.000149873,0.000291602,0.007055309,0.044206093,-0.010605017,0,0.017094778,0.004425213,1.474317212,-0.002070322,-0.064635566,0,0.003906949,30.96952
2012,6,0.00465723,0.00169506,-0.008050407,-0.000477658,-0.002065308,0.002243465,0.004263976,-0.027398974,-0.022839558,0,0.011592097,0.003180505,-1.086272409,-0.000826705,-0.026752185,0,0.008559505,29.01862
2012,7,0.00119617,0.00264054,0.003349217,0.002661182,0.001130822,-0.001974977,0.002947536,0.024692613,-0.006763568,0,-0.002270834,0.007193824,0.141701626,0.000288768,0.042160811,0,0.01776586,32.554393
2012,8,0.00119617,0.00264054,0.01170309,-0.004103533,-0.005600621,0.00206893,0.006108177,0.016129382,-0.019667318,-0.012270093,0.000299733,0.005702702,0.634687954,0.005792718,-0.064742416,0,0.012907278,29.982031
2012,9,0.00119617,0.00264054,0.007987352,-9.21E-05,-0.001559068,0.008476487,0.003391138,0.026317308,0.010902549,-0.037740328,0.005581682,0.005863599,3.534357542,0.00475992,0.109592982,0,0.017652485,30.629735
2012,10,0.00022441,0.00278628,0.001281931,0.002247848,0.000808468,0.008620523,0.006083546,-0.072710348,0.018601204,0,0.009238719,0.001103827,1.626526105,0.002693165,0.066455542,0,0.013636764,32.83565
2012,11,0.00022441,0.00278628,0.004272723,0.00489018,0.003484157,0.012406658,0.006073727,0.090728853,0.004125337,-0.012903405,-0.004037498,0.004045462,0.302808636,-0.001680756,-0.022130917,0,0.000495397,30.007209
2012,12,0.00022441,0.00278628,0.002866097,0.003142854,0.001788024,0.025709193,0.004027969,0.017699577,-0.0099118,0.025642431,-0.001298638,0.002263485,-143.5104954,-0.000121089,-0.069492497,0,0.015643235,32.070341
2013,1,0.00697137,0.00468575,0.008440184,-0.000483636,-0.001778946,-0.052967921,0.005479621,0.111357535,0.030432717,0.012578782,-0.009656864,0.008881329,1.412681913,0.00197883,-0.132889063,0,0.005833991,30.327876
2013,2,0.00697137,0.00468575,0.01134297,0.005423524,0.004185135,0.003589687,0.007136517,0.002239643,-0.010525677,-0.038221213,0.016384555,0.000785847,1.014179101,0.005415238,0.152191815,0,-0.000848673,31.106556
2013,3,0.00697137,0.00468575,-0.006938113,0.0038584,0.002691528,0.000529089,0.003525821,-0.006734032,-0.025404475,-0.026317308,-0.006596019,-0.00083682,-0.910626115,-0.00281588,-0.093987525,0,0.003067982,30.552161
2013,4,0.00191407,0.00205734,-0.004205978,-0.001214661,-0.002292565,0.000851729,0.003351609,-0.006779687,0.020042603,0.013245227,0.013712884,0.001822002,1.943670331,-0.002090162,0.108586325,0,0.013770132,28.23055
2013,5,0.00191407,0.00205734,0.004505384,0.000557394,-0.000448038,0.006500039,0.00506419,-0.02992168,0.010681832,-0.013245227,0.005559824,-0.000871942,1.813719978,0.00041407,0.074004447,0,0.006064108,30.043448
2013,6,0.00191407,0.00205734,0.003557033,0.001933233,0.000995223,0.00405003,0.003665199,0.093609499,-0.004617466,0,0.011886796,-0.000138407,2.190822396,0.00237758,0.099827065,0,0.000158047,30.813005
2013,7,0.00768719,0.00466473,0.006746641,-0.004942127,-0.005804559,-0.000409443,0.004761367,-0.225806669,-0.011116942,-0.027028672,0.018045034,0.002987366,2.193694478,0.001955539,-0.013488862,0,0.005280176,27.896921
2013,8,0.00768719,0.00466473,-0.002303699,0.007168222,0.006352735,0.004093346,0.005263721,0.015873349,-0.003475366,-0.013793322,0.00558736,0.005142472,0.34013725,0.002384446,0.009828089,0,0.002551272,29.980325
2013,9,0.00768719,0.00466473,-0.000287438,0.004897175,0.004098559,0.003638878,0.005701648,0.056137187,0.007093691,0,0.010606036,0.005039879,2.969073675,0.000376874,-0.019753729,0,0.012698336,29.593468
2013,10,0.00970841,0.00839049,0.005063556,-0.00130201,-0.002105732,-0.000890738,0.005578114,0.096888,0.000330128,0,0.014628071,0.006127842,1.82920098,0.000535088,-0.102317215,0,0.014562898,27.787733
2013,11,0.00970841,0.00839049,0.002834795,0.003103121,0.002281652,0.004748691,0.003985045,0.00449439,0.016143609,-0.042559614,0.011519966,0.004965332,0.330114031,0.00184279,-0.00554018,0,0.000953198,25.579759
2013,12,0.00970841,0.00839049,0.005286289,0.003030523,0.002179093,0.003511082,0.004766487,-0.029581224,-0.019497109,-0.029413885,0.013759568,0.004435531,3.540886885,0.002640679,0.073611817,0,0.015053804,24.502313
2014,1,-0.00230468,0.00478696,-0.009917515,-0.004559946,-0.005457306,0.006186415,0.006033278,0.027336554,0.018946808,-0.015037877,0.015550052,0.004501155,6.058935361,0.002671967,0.024220432,0,0.012757083,29.149864
2014,2,-0.00230468,0.00478696,0.013412896,0.008689051,0.007731371,0.007081032,0.005689334,-0.036617363,0.002874136,0.015037877,0.007791915,0.004401926,0.945642064,0.000743307,-0.013950765,0,0.010838017,26.235908
2014,3,-0.00230468,0.00478696,0.010616259,0.009488478,0.008464552,0.007248879,0.005809627,-0.047741763,0.015121276,0,0.008673427,0.003300135,-4.245480417,0.00184102,0.06907801,0,0.010213848,27.646484
2014,4,0.01124883,0.00852583,0.010908343,0.001461796,0.000353568,0.003606195,0.007451822,-0.022250609,-0.009055816,-0.061557893,0.009700176,0.005086115,1.345287451,0.002146401,-0.026571612,0,0.008456557,24.886213
2014,5,0.01124883,0.00852583,0.001663445,0.003000964,0.001798852,0.004459313,0.005858166,0.122217633,-0.002784225,0,0.001801014,0.004156925,1.822129552,0.001707055,0.0061013,0,0.005991802,25.26692
2014,6,0.01124883,0.00852583,0.002946851,0.003338317,0.00203673,0.005499008,0.004957398,-0.08299692,0.031531163,-0.032260862,-0.000857269,0.002073422,2.843063572,0.001354273,0.049832374,0,0.012195056,24.967097
2014,7,0.01270077,0.00964752,0.001385372,0.001445708,5.55E-05,0.00401487,0.006778418,-0.034233172,-0.019228758,0.016260521,0.000230071,0.003539123,1.745278532,0.001251388,0.044149785,0,0.003210615,27.357323
2014,8,0.01270077,0.00964752,0.007874281,-0.00076952,-0.00221875,0.005658378,0.005409384,0.12384533,0.0098927,0,-0.003166878,0.002555991,0.264662683,-0.000193715,0.033753885,0,-0.01301183,23.681396
2014,9,0.01270077,0.00964752,-0.002165008,0.002945042,0.001525603,0.003958022,0.005077738,0.023888215,0.010395684,-0.049596941,0.003625866,0.000681475,2.216194248,5.47E-05,-0.048254976,0,0.020871244,26.784175
2014,10,0.00498825,0.01233106,0.00341498,0.000232507,-0.001144933,0.005915472,0.003256145,0.012793351,-0.026564794,-0.034486176,0.024268771,0.003054708,1.869282657,-2.11E-05,0.055721677,0,0.00199012,26.208478
2014,11,0.00498825,0.01233106,0.001921906,0.007978265,0.006674186,0.005264818,0.004604563,-0.061154423,-0.019456497,0.017391743,0.000365233,0.001039607,-1.142155655,-0.0017071,-0.03349854,0,0.006432008,25.669166
2014,12,0.00498825,0.01233106,-0.005813316,-0.0014993,-0.002714204,0.002828664,0.008134926,0.094490843,0.003667478,-0.03509132,0.012426489,-0.000441152,31.48175966,-0.003262122,0.022814678,0,0.018745399,25.408486
2015,1,0.00796733,0.00901842,-0.006216627,-0.0058951,-0.007030974,0.002385222,0.004334145,0.067352182,-0.010646051,0.017699577,0.006552786,-0.000756714,1.106235039,-0.006087821,0.108791786,0,0.001359573,27.974637
2015,2,0.00796733,0.00901842,-0.003587879,-0.004334201,-0.005271118,0.005219807,0.005411147,0.063100706,-0.006898907,-0.035718083,0.012374072,0.003585934,0.908780868,0.001863394,-0.049368366,0,0.021438993,25.721646
2015,3,0.00796733,0.00901842,0.016825347,-0.003170475,-0.003983494,0.001493664,0.006624966,-0.136619403,0.000446967,0,0.015360533,0.001093796,-2.634869043,0.002894555,0.025975486,0,-0.002030052,24.191131
2015,4,0.00676114,0.00738931,0.000934661,-0.005010361,-0.005756631,0.00641578,0.006143923,0.036441279,-0.000345366,-0.018349139,0.02496227,0.004619429,1.337683222,0.000885366,-0.072591902,0,0.000333078,23.860022
2015,5,0.00676114,0.00738931,0.009339213,-0.004725168,-0.005354938,0.005826674,0.005190465,0.001986098,-0.011772857,0.018349139,0.018592452,0.000807145,2.864074321,0.003326876,0.003176286,0,-0.00540957,24.977699
2015,6,0.00676114,0.00738931,0.002336889,-0.003642728,-0.004161182,0.002763777,0.007308949,-0.061368946,0.011860903,-0.037041272,0.017663023,0.006170069,2.665141522,0.002806753,0.053510707,0,0.011121215,23.565344
2015,7,0.00404372,0.00680087,0.006653871,0.005340184,0.00491555,0.00075651,0.005279084,0.049392755,-0.00573916,-0.019048195,-0.009856423,0.00115363,1.338414205,0.001576919,-0.092308677,0,0.004723924,25.106692
2015,8,0.00404372,0.00680087,-0.000197685,-0.001079778,-0.00144972,0.002525384,0.004654233,0.033566824,-0.001329112,-0.019418086,0.006391907,-7.69E-05,-1.316136745,-1.68E-05,0.107226905,0,-0.002111445,32.862852
2015,9,0.00404372,0.00680087,-0.003177198,-0.003884352,-0.004209609,0.002420201,0.007725671,-0.121674091,-0.001774902,-0.019802627,-0.005274349,0.002657402,1.708828999,-0.002195788,0.012751521,0,0.005138859,28.558338
2015,10,0.0012113,0.00658674,-0.001447322,-0.003585005,-0.003902187,0.005589016,0.004198601,0.042925045,-0.013461616,0,-0.013818363,0.000839921,1.665438861,0.001249919,-0.034708491,0,-0.008811502,25.683563
2015,11,0.0012113,0.00658674,0.003034958,-0.006061472,-0.006397039,0.001563052,0.005256164,0.057158414,0.000920629,0,-0.004672772,-0.002846555,-1.115472797,0.001294564,-0.0678403,0,0.020927716,27.433962
2015,12,0.0012113,0.00658674,0.003611211,-0.004514112,-0.004874633,0.000198632,-0.032683535,0.057819571,-0.014123751,0,0.002253307,-0.000521798,-3.469122127,-0.00102963,0.039179177,0.693147181,0.004501959,29.158919
2016,1,0.00144653,0.00449597,-0.006907311,0.007421333,0.007025081,-0.001686013,0.005225394,-0.028491956,0.015313083,-0.020202707,0.018864007,-0.001752201,1.261842177,0.000685137,0.015456258,0,0.003097476,33.681709
2016,2,0.00144653,0.00449597,0.006958298,-0.006704856,-0.007149233,-0.001616691,0.004399693,0.015296665,-0.018264679,0,0.017267979,-0.002345315,1.286397383,-0.001926305,-0.039629795,0,0.008916031,29.648414
2016,3,0.00144653,0.00449597,-0.000184011,-0.007861358,-0.008349503,0.002878265,0.00710718,0.020658012,-0.002974452,0.020202707,0.012656136,0.004450576,-0.782716141,0.002060755,0.022094534,0,0.00804571,26.11849
