Year,Month,Day,Y
2000,1,3,-0.008979672
2000,1,4,0.015115856
2000,1,5,0.008508632
2000,1,6,0.013246494
2000,1,7,0.001898434
2000,1,10,-0.000901307
2000,1,11,0.003978597
2000,1,12,0.000614323
2000,1,13,0.003301423
2000,1,14,-0.001602187
2000,1,17,-0.011669408
2000,1,18,0.006705211
2000,1,19,0.002366977
2000,1,20,-0.002746214
2000,1,21,-0.005515157
2000,1,24,0.007031242
2000,1,25,0.002080871
2000,1,26,0.000850019
2000,1,27,-0.008818567
2000,1,28,0.0064083
2000,1,31,0.012928276
2000,2,1,0.007955565
2000,2,2,0.004761584
2000,2,3,-0.002031301
2000,2,4,-0.008026954
2000,2,7,0.009919889
2000,2,8,0.009685417
2000,2,9,-0.002561407
2000,2,10,-0.006063687
2000,2,11,0.003679349
2000,2,14,-0.002021967
2000,2,15,0.000229975
2000,2,16,0.007240099
2000,2,17,0.007641263
2000,2,18,0.004024514
2000,2,21,0.004996747
2000,2,22,-0.006351516
2000,2,23,0.004148822
2000,2,24,-0.000630233
2000,2,25,-0.000765818
2000,2,28,-0.017823514
2000,2,29,0.00790518
2000,3,1,-0.021484438
2000,3,2,0.001672707
2000,3,3,-0.001161305
2000,3,6,9.30E-05
2000,3,7,-0.007463766
2000,3,8,0.001403706
2000,3,9,-0.006661687
2000,3,10,0.000940955
2000,3,13,-0.009117384
2000,3,14,-0.003756096
2000,3,15,0.004467688
2000,3,16,0.001895106
2000,3,17,0.004439414
2000,3,20,0.004513619
2000,3,21,0.002904255
2000,3,22,0.000420885
2000,3,23,0.004897284
2000,3,24,-0.003168836
2000,3,27,-0.003085268
2000,3,28,-0.007849445
2000,3,29,-0.00382952
2000,3,30,-0.002228809
2000,3,31,-0.026506591
2000,4,3,0.021270727
2000,4,4,0.008600875
2000,4,5,-0.005265792
2000,4,6,-0.002571797
2000,4,7,0.0048523
2000,4,10,0.013293931
2000,4,11,0.001777945
2000,4,12,-0.00995968
2000,4,13,4.72E-05
2000,4,14,-0.009916339
2000,4,17,-0.005834266
2000,4,18,0.001150417
2000,4,19,0.001962239
2000,4,20,0.007573448
2000,4,21,0
2000,4,24,0.00056926
2000,4,25,0.002746864
2000,4,26,0.00758561
2000,4,27,-0.00131511
2000,4,28,0.015760841
2000,5,1,0.007191291
2000,5,2,0.000275558
2000,5,3,0.001651755
2000,5,4,-0.009303678
2000,5,5,0.00507709
2000,5,8,0.002207405
2000,5,9,0.005542972
2000,5,10,4.57E-05
2000,5,11,-0.007934184
2000,5,12,0.001794135
2000,5,15,0.006459764
2000,5,16,0.002645142
2000,5,17,-0.00278215
2000,5,18,-0.005679491
2000,5,19,-0.017982595
2000,5,22,0.002195596
2000,5,23,-0.00453664
2000,5,24,0.00602876
2000,5,25,0.002931121
2000,5,26,-0.006385033
2000,5,29,0.002195083
2000,5,30,-0.008856458
2000,5,31,0.013510876
2000,6,1,0.009198336
2000,6,2,-0.004935321
2000,6,5,-0.007518832
2000,6,6,-0.018715867
2000,6,7,0.001802144
2000,6,8,0.006093691
2000,6,9,0.006665127
2000,6,12,-0.003420889
2000,6,13,0.002297504
2000,6,14,-0.001828197
2000,6,15,-0.000844912
2000,6,16,-0.000234824
2000,6,19,-0.005699632
2000,6,20,-0.003217415
2000,6,21,-0.000142183
2000,6,22,-0.009764075
2000,6,23,-0.001724551
2000,6,26,0.012104608
2000,6,27,-0.000379021
2000,6,28,-9.48E-05
2000,6,29,-0.005274299
2000,6,30,0.008113731
2000,7,3,0.000803042
2000,7,4,0.003393988
2000,7,5,0.006519876
2000,7,6,0.004478246
2000,7,7,0.003948443
2000,7,10,-0.007305246
2000,7,11,-0.001355235
2000,7,12,0.013931683
2000,7,13,-0.004066549
2000,7,14,-0.000138924
2000,7,17,0.004389924
2000,7,18,-0.002539186
2000,7,19,-0.000693626
2000,7,20,0.000647399
2000,7,21,0.008332422
2000,7,24,-0.001651755
2000,7,25,0.00339232
2000,7,26,0.000228796
2000,7,27,-0.0010987
2000,7,28,0.004296364
2000,7,31,-0.000456184
2000,8,1,-0.001461187
2000,8,2,-0.002974626
2000,8,3,-0.009671255
2000,8,4,0.003556996
2000,8,7,0.005426548
2000,8,8,-0.002847565
2000,8,9,-0.005858356
2000,8,10,0.004201202
2000,8,11,-0.001290799
2000,8,14,0.009183644
2000,8,15,-0.003204691
2000,8,16,-0.004319661
2000,8,17,-0.000276358
2000,8,18,-0.000967854
2000,8,21,0.000553174
2000,8,22,-0.001014386
2000,8,23,-0.013421774
2000,8,24,4.68E-05
2000,8,25,-0.001356757
2000,8,28,-0.002531291
2000,8,29,-0.003667658
2000,8,30,0.003620722
2000,8,31,0.001078976
2000,9,1,-0.008380858
2000,9,4,-0.000425622
2000,9,5,0.001276324
2000,9,6,0.000755572
2000,9,7,-0.008152477
2000,9,8,0.009944676
2000,9,11,-0.000424178
2000,9,12,0.008028778
2000,9,13,0.002055499
2000,9,14,0.001026167
2000,9,15,-0.000699545
2000,9,18,-0.003083826
2000,9,19,0.001729983
2000,9,20,-0.002713198
2000,9,21,-0.003425384
2000,9,22,0.011589456
2000,9,25,-0.00153442
2000,9,26,0.000744255
2000,9,27,-0.000930406
2000,9,28,0.001534706
2000,9,29,0.00431245
2000,10,2,0.006456991
2000,10,3,-0.000827853
2000,10,4,0.006055064
2000,10,5,0.001462389
2000,10,6,-0.006689601
2000,10,9,0.00128641
2000,10,10,-0.008298803
2000,10,11,-0.00445435
2000,10,12,0.00297177
2000,10,13,-0.001670534
2000,10,16,0.005927041
2000,10,17,-0.001293542
2000,10,18,-0.003937104
2000,10,19,0.007167826
2000,10,20,0.003633608
2000,10,23,-0.004509487
2000,10,24,-0.002863479
2000,10,25,-0.002686182
2000,10,26,0.005826337
2000,10,27,0.000599203
2000,10,30,0.003358101
2000,10,31,0.002889049
2000,11,1,-0.006569752
2000,11,2,-0.000922297
2000,11,3,-0.009176928
2000,11,6,-0.000745261
2000,11,7,-0.00223912
2000,11,8,0.003822136
2000,11,9,0.000279096
2000,11,10,0.003806522
2000,11,13,-0.003109123
2000,11,14,0.004729457
2000,11,15,0.00493737
2000,11,16,0.003904909
2000,11,17,-0.001651983
2000,11,20,0.007594857
2000,11,21,0.005454559
2000,11,22,-0.001315461
2000,11,23,0.001768668
2000,11,24,0.007673249
2000,11,27,-0.005591141
2000,11,28,-0.004123157
2000,11,29,0.007148058
2000,11,30,-0.001263025
2000,12,1,0.003469488
2000,12,4,-0.000494905
2000,12,5,-0.003516368
2000,12,6,-0.002758622
2000,12,7,0.002397269
2000,12,8,0.005855873
2000,12,11,-0.004862465
2000,12,12,0.006522887
2000,12,13,0.007282182
2000,12,14,-0.001782135
2000,12,15,0.002271665
2000,12,18,-0.003253195
2000,12,19,0.003520111
2000,12,20,0.001733218
2000,12,21,-0.003202137
2000,12,22,0.004001072
2000,12,25,0
2000,12,26,0.007778357
2000,12,27,0.005225154
2000,12,28,0.006112488
2000,12,29,-0.005849757
2001,1,1,0
2001,1,2,0.002579857
2001,1,3,-0.000961202
2001,1,4,0.00913765
2001,1,5,0.006303993
2001,1,8,0.000215188
2001,1,9,0.002106395
2001,1,10,-0.001375102
2001,1,11,0.011160878
2001,1,12,0.003396166
2001,1,15,0.008062007
2001,1,16,-0.009886012
2001,1,17,-0.001657212
2001,1,18,0.003820201
2001,1,19,-0.00582101
2001,1,22,-0.005212351
2001,1,23,0.002780453
2001,1,24,0.009226844
2001,1,25,-0.01265004
2001,1,26,0.002824982
2001,1,29,-0.000812435
2001,1,30,-0.0017554
2001,1,31,-0.003391071
2001,2,1,-0.00824649
2001,2,2,0.003073396
2001,2,5,-0.006634746
2001,2,6,0.000608934
2001,2,7,0.009046702
2001,2,8,0.00090449
2001,2,9,0.012960253
2001,2,12,0
2001,2,13,-0.002297482
2001,2,14,-0.007482025
2001,2,15,-0.006803626
2001,2,16,-0.002509194
2001,2,19,0.004882801
2001,2,20,-0.00401685
2001,2,21,0.008961714
2001,2,22,-0.001932036
2001,2,23,0.000429664
2001,2,26,0.002831162
2001,2,27,-0.004206737
2001,2,28,0.009078125
2001,3,1,-0.000682274
2001,3,2,0.015617712
2001,3,5,0.000293926
2001,3,6,-0.001680743
2001,3,7,0.007165486
2001,3,8,-0.000626501
2001,3,9,-0.000208921
2001,3,12,0.007161923
2001,3,13,-0.003449641
2001,3,14,0.006639304
2001,3,15,0.007457955
2001,3,16,0.008787223
2001,3,19,-0.005794988
2001,3,20,0.003432077
2001,3,21,0.005288435
2001,3,22,0.008202563
2001,3,23,-0.012634816
2001,3,26,0.003782876
2001,3,27,-8.12E-05
2001,3,28,-0.010859022
2001,3,29,0.009762152
2001,3,30,0.018604813
2001,4,2,0.008897421
2001,4,3,-0.004121103
2001,4,4,-0.005374966
2001,4,5,-0.005002712
2001,4,6,-0.00567326
2001,4,9,0.008917871
2001,4,10,-0.004248163
2001,4,11,0.001605201
2001,4,12,-0.010115548
2001,4,13,0
2001,4,16,0.009112599
2001,4,17,-0.006564002
2001,4,18,-0.009376781
2001,4,19,-0.006751944
2001,4,20,0.007445015
2001,4,23,-0.0073629
2001,4,24,0.003606413
2001,4,25,-0.001146085
2001,4,26,0.001963914
2001,4,27,0.011864753
2001,4,30,-0.002021673
2001,5,1,-0.011929866
2001,5,2,-0.000655577
2001,5,3,-0.007818005
2001,5,4,-0.000165248
2001,5,7,0.001898709
2001,5,8,0.004731059
2001,5,9,0.002500462
2001,5,10,0.004371011
2001,5,11,-0.003266242
2001,5,14,0.007821132
2001,5,15,0.001297596
2001,5,16,0.001983686
2001,5,17,-0.004865006
2001,5,18,0.005633133
2001,5,21,-0.006486948
2001,5,22,-0.001995074
2001,5,23,-0.017556212
2001,5,24,-0.005490177
2001,5,25,0.006650895
2001,5,28,0.002813291
2001,5,29,-0.00792223
2001,5,30,0.002038397
2001,5,31,-0.012503561
2001,6,1,0.000673061
2001,6,4,0.006413368
2001,6,5,0.00446085
2001,6,6,0.001994682
2001,6,7,-0.004201774
2001,6,8,0.006979381
2001,6,11,0.009107644
2001,6,12,0.000451162
2001,6,13,-0.001682638
2001,6,14,-0.003332582
2001,6,15,0.007717925
2001,6,18,0.006034185
2001,6,19,-0.000976046
2001,6,20,0.003330899
2001,6,21,0.008962515
2001,6,22,-0.000401994
2001,6,25,-0.004069223
2001,6,26,0.000161473
2001,6,27,0.001653593
2001,6,28,0.006747285
2001,6,29,-0.001562281
2001,7,2,-0.003212338
2001,7,3,0.001647612
2001,7,4,-0.00060247
2001,7,5,0.010192953
2001,7,6,0.002502335
2001,7,9,-0.004811621
2001,7,10,0.000119577
2001,7,11,-0.010457036
2001,7,12,-0.001975449
2001,7,13,0.007197602
2001,7,16,0.004477321
2001,7,17,-0.002236155
2001,7,18,-0.005531963
2001,7,19,-0.007180925
2001,7,20,-0.003203636
2001,7,23,0.009057154
2001,7,24,-0.001288868
2001,7,25,-0.00391706
2001,7,26,0.001980639
2001,7,27,-0.000484692
2001,7,30,0.011288661
2001,7,31,-0.002239553
2001,8,1,-0.0010415
2001,8,2,-0.008654229
2001,8,3,-0.002063901
2001,8,6,0.003477842
2001,8,7,-0.000524945
2001,8,8,-0.005711408
2001,8,9,-0.000162503
2001,8,10,-0.009839826
2001,8,13,0.002990764
2001,8,14,-0.003524305
2001,8,15,-0.015431064
2001,8,16,0.002040775
2001,8,17,0.000873344
2001,8,20,0.003320056
2001,8,21,-0.007360466
2001,8,22,-0.000166966
2001,8,23,0.003334031
2001,8,24,-0.001457271
2001,8,27,0.00054152
2001,8,28,0.005274865
2001,8,29,-0.009991757
2001,8,30,0.004092035
2001,8,31,-0.008242897
2001,9,3,-0.002102962
2001,9,4,0.000799647
2001,9,5,0.01291581
2001,9,6,0.007076526
2001,9,7,-0.008572723
2001,9,10,0.005723307
2001,9,11,-0.018532189
2001,9,12,0.006466807
2001,9,13,-0.004446689
2001,9,14,-0.013843542
2001,9,17,0.003319576
2001,9,18,-0.002169244
2001,9,19,-0.001107703
2001,9,20,-0.009508381
2001,9,21,0.003608406
2001,9,24,0.00743339
2001,9,25,-0.00072382
2001,9,26,0.004207848
2001,9,27,0.014944815
2001,9,28,-0.004439054
2001,10,1,0.008192656
2001,10,2,0.00585246
2001,10,3,-0.000828055
2001,10,4,-0.000994571
2001,10,5,-0.002740183
2001,10,8,-0.00345668
2001,10,9,0.001917226
2001,10,10,0.001871998
2001,10,11,0.00868995
2001,10,12,0.000659006
2001,10,15,-0.003464635
2001,10,16,0.001775063
2001,10,17,-0.002436357
2001,10,18,0.00070261
2001,10,19,0.002063643
2001,10,22,0.005878622
2001,10,23,0.008367567
2001,10,24,-0.000772593
2001,10,25,-0.00191372
2001,10,26,0.00358015
2001,10,29,-0.009220415
2001,10,30,-0.003078757
2001,10,31,0.006474902
2001,11,1,-0.005981663
2001,11,2,-0.000575469
2001,11,5,0.000369982
2001,11,6,-0.00510962
2001,11,7,0.000123929
2001,11,8,-0.002067483
2001,11,9,-0.004771496
2001,11,12,8.32E-05
2001,11,13,0.010260744
2001,11,14,0.001069651
2001,11,15,0.006761628
2001,11,16,0.002569699
2001,11,19,0.004633213
2001,11,20,-0.005448275
2001,11,21,0.004109288
2001,11,22,0.005789373
2001,11,23,0.004591413
2001,11,26,-0.001246457
2001,11,27,-0.002658933
2001,11,28,-0.006069453
2001,11,29,0.00538343
2001,11,30,-0.005992406
2001,12,3,0.005629027
2001,12,4,0.002661721
2001,12,5,0.000885668
2001,12,6,0.002331191
2001,12,7,0.008474966
2001,12,10,0.004567397
2001,12,11,0.000831799
2001,12,12,-0.000277189
2001,12,13,0.001029173
2001,12,14,0.007724481
2001,12,17,0.002000197
2001,12,18,0.00187889
2001,12,19,0.0019144
2001,12,20,0.00397336
2001,12,21,0.007398116
2001,12,24,0.003120969
2001,12,25,0
2001,12,26,0.00464412
2001,12,27,0.005765465
2001,12,28,-0.000990363
2001,12,31,-0.001067643
2002,1,1,0
2002,1,2,0.008055367
2002,1,3,-0.003221958
2002,1,4,-0.004642675
2002,1,7,0.002019548
2002,1,8,0.009018971
2002,1,9,7.54E-05
2002,1,10,0.000565664
2002,1,11,-0.00464792
2002,1,14,-0.002882721
2002,1,15,-0.002624424
2002,1,16,0.004559798
2002,1,17,0.001477469
2002,1,18,0.005248167
2002,1,21,-0.001243477
2002,1,22,0.011806955
2002,1,23,-0.000857393
2002,1,24,0.002235137
2002,1,25,3.72E-05
2002,1,28,-0.008332292
2002,1,29,0.001949172
2002,1,30,-0.003939746
2002,1,31,0.005847751
2002,2,1,0.000784592
2002,2,4,-0.006782736
2002,2,5,0.006483916
2002,2,6,-0.001981939
2002,2,7,0.000224568
2002,2,8,0.00912704
2002,2,11,-0.008865108
2002,2,12,-0.005740781
2002,2,13,0.001504042
2002,2,14,-0.005765225
2002,2,15,0.00264181
2002,2,18,-0.000603227
2002,2,19,0.007514312
2002,2,20,0.002056575
2002,2,21,0.004063304
2002,2,22,-0.005408947
2002,2,25,0.001308289
2002,2,26,0.00361691
2002,2,27,0.001599197
2002,2,28,-0.005402901
2002,3,1,-0.004606146
2002,3,4,-0.008821923
2002,3,5,0.000832734
2002,3,6,-0.00912207
2002,3,7,-0.027444582
2002,3,8,0.005401187
2002,3,11,-0.001210772
2002,3,12,0.006388802
2002,3,13,0.005692064
2002,3,14,-0.005381457
2002,3,15,0.001977856
2002,3,18,0.017664912
2002,3,19,0.003154397
2002,3,20,-0.001975084
2002,3,21,0.004135608
2002,3,22,0.006303216
2002,3,25,0.003230535
2002,3,26,-0.004020975
2002,3,27,-0.000791065
2002,3,28,-0.001093453
2002,3,29,0
2002,4,1,0.006955046
2002,4,2,-0.001162072
2002,4,3,-0.005038741
2002,4,4,-0.005291618
2002,4,5,-0.001479094
2002,4,8,-0.002584177
2002,4,9,-0.002285715
2002,4,10,-0.002138058
2002,4,11,0.005336599
2002,4,12,0.004135294
2002,4,15,-0.00402125
2002,4,16,-0.003274447
2002,4,17,-0.002634947
2002,4,18,-0.006675643
2002,4,19,0.004800224
2002,4,22,-0.004376879
2002,4,23,-0.000615835
2002,4,24,-0.000963002
2002,4,25,-0.011589951
2002,4,26,-0.001755995
2002,4,29,0.001833968
2002,4,30,0.001129922
2002,5,1,-0.00738703
2002,5,2,0.003993428
2002,5,3,-0.007727195
2002,5,6,0.003145151
2002,5,7,0.004425739
2002,5,8,0.005067447
2002,5,9,-0.001128207
2002,5,10,-0.005190559
2002,5,13,-0.001292066
2002,5,14,0.008815441
2002,5,15,-0.00697573
2002,5,16,0.001797297
2002,5,17,-0.017802053
2002,5,20,-0.001312206
2002,5,21,-0.012331007
2002,5,22,8.06E-05
2002,5,23,0.007983834
2002,5,24,-0.002360426
2002,5,27,0.000600637
2002,5,28,-0.002926499
2002,5,29,-0.002130097
2002,5,30,-0.009662302
2002,5,31,0.008293431
2002,6,3,-0.002420234
2002,6,4,0.001130172
2002,6,5,0.005752113
2002,6,6,-0.002811586
2002,6,7,0.002330161
2002,6,10,-0.001325115
2002,6,11,0.009358571
2002,6,12,-0.000238873
2002,6,13,-0.004989532
2002,6,14,-0.006503696
2002,6,17,0.002614591
2002,6,18,0.000602398
2002,6,19,-0.005353957
2002,6,20,-0.004003969
2002,6,21,-0.016260521
2002,6,24,-0.000205969
2002,6,25,0.004111341
2002,6,26,-0.022908418
2002,6,27,0.00598516
2002,6,28,0.000333778
2002,7,1,0.001542277
2002,7,2,0.001040734
2002,7,3,-0.002708166
2002,7,4,0.001792377
2002,7,5,0.001123806
2002,7,8,-0.012937441
2002,7,9,-0.004053717
2002,7,10,-0.000973648
2002,7,11,-0.010858795
2002,7,12,-0.000513919
2002,7,15,-0.00692074
2002,7,16,-0.000604073
2002,7,17,0.004306824
2002,7,18,0.004459507
2002,7,19,-0.008162259
2002,7,22,0.005763457
2002,7,23,0.007179211
2002,7,24,-0.010099799
2002,7,25,0.003306498
2002,7,26,0.018350698
2002,7,29,0.009342534
2002,7,30,0.001500063
2002,7,31,-0.002710085
2002,8,1,-0.00208969
2002,8,2,-0.00159109
2002,8,5,-0.001971436
2002,8,6,0.015787719
2002,8,7,-0.004224483
2002,8,8,0.001410145
2002,8,9,-0.004194794
2002,8,12,-0.009912874
2002,8,13,0.001889764
2002,8,14,-0.022015268
2002,8,15,0.008838846
2002,8,16,-0.000297625
2002,8,19,0.00905903
2002,8,20,0.003575564
2002,8,21,-0.004334385
2002,8,22,0.009778285
2002,8,23,-0.001044605
2002,8,26,-4.18E-05
2002,8,27,-0.011859841
2002,8,28,0.001733066
2002,8,29,-0.001733066
2002,8,30,0.00321014
2002,9,2,-0.00384494
2002,9,3,-0.00820391
2002,9,4,0.007229767
2002,9,5,0.002623785
2002,9,6,0.002785517
2002,9,9,0.001978906
2002,9,10,0.007626268
2002,9,11,0.0063664
2002,9,12,-0.001743607
2002,9,13,0.005552347
2002,9,16,0.009499794
2002,9,17,0.002493614
2002,9,18,-0.008075635
2002,9,19,-0.003380749
2002,9,20,0.017927055
2002,9,23,0.004169456
2002,9,24,-0.003399024
2002,9,25,-0.004550079
2002,9,26,-0.002282827
2002,9,27,0.004032181
2002,9,30,-0.01037803
2002,10,1,0.007243295
2002,10,2,0.003906732
2002,10,3,-0.001666633
2002,10,4,0.001544779
2002,10,7,0.009621289
2002,10,8,-4.02E-05
2002,10,9,-0.004435491
2002,10,10,-0.000849017
2002,10,11,0.003593278
2002,10,14,0.000644615
2002,10,15,0.004540805
2002,10,16,-0.003172375
2002,10,17,0.004254301
2002,10,18,0.004276158
2002,10,21,-0.00463667
2002,10,22,0.00228105
2002,10,23,-0.00742245
2002,10,24,0.001850735
2002,10,25,-0.003341859
2002,10,28,-0.002220653
2002,10,29,-0.010115664
2002,10,30,0.00289483
2002,10,31,-0.002445786
2002,11,1,-0.001838273
2002,11,4,0.00179746
2002,11,5,-0.005196943
2002,11,6,0.002213025
2002,11,7,-0.006983555
2002,11,8,-0.011985131
2002,11,11,-0.004013216
2002,11,12,0.002886126
2002,11,13,0.003252578
2002,11,14,0.002577857
2002,11,15,0.000622678
2002,11,18,0.005215244
2002,11,19,0.003914222
2002,11,20,0.007660361
2002,11,21,0.001793942
2002,11,22,-0.000774262
2002,11,25,-0.001672821
2002,11,26,-0.005404755
2002,11,27,0.000246305
2002,11,28,0.002418777
2002,11,29,0.003311194
2002,12,2,0.015670557
2002,12,3,-0.000200904
2002,12,4,0.002688767
2002,12,5,0.003840005
2002,12,6,-0.011645315
2002,12,9,-0.002831373
2002,12,10,0.000890724
2002,12,11,-0.001539023
2002,12,12,-0.001825595
2002,12,13,-0.020967881
2002,12,16,0.00496361
2002,12,17,-0.004424694
2002,12,18,0.003557839
2002,12,19,-0.004138222
2002,12,20,-0.000248839
2002,12,23,-0.002990905
2002,12,24,-0.000332876
2002,12,25,0
2002,12,26,0.000998295
2002,12,27,-0.002205899
2002,12,30,-0.012367834
2002,12,31,0.001222623
2003,1,1,0
2003,1,2,0.009435417
2003,1,3,-0.000125222
2003,1,6,-0.00842578
2003,1,7,0.010843959
2003,1,8,-0.001541956
2003,1,9,-0.003467656
2003,1,10,0.0006694
2003,1,13,-0.004989424
2003,1,14,-0.007806441
2003,1,15,-0.001398928
2003,1,16,0.000254496
2003,1,17,-8.48E-05
2003,1,20,0.002583926
2003,1,21,0.003420828
2003,1,22,-0.001265609
2003,1,23,-0.005715148
2003,1,24,0.001484844
2003,1,27,0.008190538
2003,1,28,-0.002694625
2003,1,29,-0.004436658
2003,1,30,0.009189459
2003,1,31,0.00652449
2003,2,3,0.005819287
2003,2,4,-0.005860975
2003,2,5,-0.000750688
2003,2,6,-0.000500772
2003,2,7,0.002792774
2003,2,10,0.007588517
2003,2,11,0.003093488
2003,2,12,-0.001195014
2003,2,13,-0.004877252
2003,2,14,-0.000663157
2003,2,17,-0.001992115
2003,2,18,-0.010440252
2003,2,19,-0.00302712
2003,2,20,-0.002656268
2003,2,21,0.001940192
2003,2,24,-0.007868394
2003,2,25,-0.003318164
2003,2,26,-0.001833963
2003,2,27,0.004939754
2003,2,28,0.004408094
2003,3,3,-0.002795191
2003,3,4,-0.00055149
2003,3,5,-0.005745063
2003,3,6,0.001236911
2003,3,7,-0.006972246
2003,3,10,0.000943882
2003,3,11,0.002569705
2003,3,12,0.002563118
2003,3,13,0.009257753
2003,3,14,0.002111309
2003,3,17,-0.002153581
2003,3,18,0.004723356
2003,3,19,0.006583799
2003,3,20,0.004545557
2003,3,21,0.010718749
2003,3,24,-0.008432938
2003,3,25,-0.004785395
2003,3,26,0.001708725
2003,3,27,-0.003336812
2003,3,28,0.003669882
2003,3,31,-0.012861779
2003,4,1,-0.002490872
2003,4,2,0.006404606
2003,4,3,0.003772957
2003,4,4,0.004925296
2003,4,7,0.002412045
2003,4,8,-0.002661899
2003,4,9,0.003865743
2003,4,10,-0.009629689
2003,4,11,0.008591978
2003,4,14,-0.00166258
2003,4,15,0.000166382
2003,4,16,0.000873054
2003,4,17,-0.007801295
2003,4,18,0
2003,4,21,0.009835462
2003,4,22,-0.006574044
2003,4,23,0.00541217
2003,4,24,-0.00345208
2003,4,25,0.00345208
2003,4,28,-0.001287937
2003,4,29,-0.001372855
2003,4,30,-0.007060376
2003,5,1,-0.007786398
2003,5,2,0.004679111
2003,5,5,-0.002357896
2003,5,6,-0.005664779
2003,5,7,-0.013788023
2003,5,8,0.002661403
2003,5,9,0.004960455
2003,5,12,-0.003118794
2003,5,13,-0.001970275
2003,5,14,-0.003048717
2003,5,15,-0.002497418
2003,5,16,0.000646482
2003,5,19,0.004599488
2003,5,20,0.002142062
2003,5,21,0.004227794
2003,5,22,0.000170445
2003,5,23,-0.004184285
2003,5,26,0.000213908
2003,5,27,0.00025663
2003,5,28,0.014309312
2003,5,29,-0.001772227
2003,5,30,0.010210387
2003,6,2,-0.009619296
2003,6,3,0.002866056
2003,6,4,-0.000294656
2003,6,5,-0.010197909
2003,6,6,0.010913352
2003,6,9,-0.00594951
2003,6,10,-0.00390112
2003,6,11,0.00029736
2003,6,12,0.000976417
2003,6,13,-0.002464102
2003,6,16,8.51E-05
2003,6,17,0.004879404
2003,6,18,0.003253822
2003,6,19,0.001728245
2003,6,20,-0.002445711
2003,6,23,-0.004782167
2003,6,24,-0.000296994
2003,6,25,-0.002379133
2003,6,26,0.015280361
2003,6,27,0.001883279
2003,6,30,0.004089132
2003,7,1,-0.007187962
2003,7,2,-0.002603731
2003,7,3,-0.007428389
2003,7,4,0.000127084
2003,7,7,0.001312253
2003,7,8,0.001099273
2003,7,9,-0.005041209
2003,7,10,0.001358119
2003,7,11,-0.000339357
2003,7,14,-0.002719009
2003,7,15,-0.001362282
2003,7,16,0.007427405
2003,7,17,0.004303804
2003,7,18,0.001262308
2003,7,21,-0.003622887
2003,7,22,0.006478232
2003,7,23,-0.002518999
2003,7,24,0.000378255
2003,7,25,-0.002777195
2003,7,28,0.006844884
2003,7,29,0.00041841
2003,7,30,0.008746411
2003,7,31,-0.000248839
2003,8,1,-0.004656392
2003,8,4,0.002746569
2003,8,5,-0.00295495
2003,8,6,0.00191547
2003,8,7,-0.010875128
2003,8,8,0.001344877
2003,8,11,-0.004926015
2003,8,12,0.00075943
2003,8,13,0.006054763
2003,8,14,-0.000880706
2003,8,15,0.000754939
2003,8,18,0.00184301
2003,8,19,-0.00033484
2003,8,20,-0.009759458
2003,8,21,-0.00427867
2003,8,22,-0.002593043
2003,8,25,-0.001661378
2003,8,26,0.001405961
2003,8,27,0.00267863
2003,8,28,-0.002636056
2003,8,29,-0.006534994
2003,9,1,-0.001458039
2003,9,2,-0.002105038
2003,9,3,-0.001894021
2003,9,4,0.006870223
2003,9,5,-0.00089903
2003,9,8,-0.000942709
2003,9,9,-0.002274728
2003,9,10,0.006339165
2003,9,11,-8.54E-05
2003,9,12,0.002601336
2003,9,15,0.001021624
2003,9,16,-0.009189473
2003,9,17,-0.000644288
2003,9,18,-0.010799708
2003,9,19,-0.011049354
2003,9,22,-0.017096705
2003,9,23,-0.004073508
2003,9,24,0.003760749
2003,9,25,-0.002236837
2003,9,26,0.003085525
2003,9,29,-0.007619255
2003,9,30,0.005205307
2003,10,1,-0.009578919
2003,10,2,0.001083913
2003,10,3,-0.000722478
2003,10,6,0.002571449
2003,10,7,-0.012376339
2003,10,8,-0.000912742
2003,10,9,-0.00398015
2003,10,10,-0.004180166
2003,10,13,0.003446457
2003,10,14,0.00370888
2003,10,15,0.003513018
2003,10,16,-0.004702024
2003,10,17,0.002057003
2003,10,20,0.007823556
2003,10,21,-0.006408967
2003,10,22,-0.006083217
2003,10,23,0.005079521
2003,10,24,-0.002513655
2003,10,27,-0.007855789
2003,10,28,-0.000553608
2003,10,29,-0.0026801
2003,10,30,0.002080012
2003,10,31,0.015122642
2003,11,3,0.011531024
2003,11,4,-0.01554142
2003,11,5,0.004192305
2003,11,6,0.000681865
2003,11,7,-0.00414381
2003,11,10,-0.013413771
2003,11,11,0.005580294
2003,11,12,0.000413822
2003,11,13,-0.005208225
2003,11,14,0.000739098
2003,11,17,0.00566365
2003,11,18,-0.006125523
2003,11,19,0.007456195
2003,11,20,-0.001468429
2003,11,21,-0.000321506
2003,11,24,0.003805511
2003,11,25,0.003791084
2003,11,26,-0.005714954
2003,11,27,0.001695032
2003,11,28,0.002605656
2003,12,1,4.57E-05
2003,12,2,-0.005080219
2003,12,3,-0.007276109
2003,12,4,0.000693049
2003,12,5,-0.002682455
2003,12,8,-0.005992075
2003,12,9,0.001396713
2003,12,10,0.006815837
2003,12,11,0.000554349
2003,12,12,-0.004721794
2003,12,15,0.000231981
2003,12,16,-0.001532069
2003,12,17,-0.002465519
2003,12,18,0.005990405
2003,12,19,-0.000324142
2003,12,22,-0.004828236
2003,12,23,-0.000512045
2003,12,24,-0.002284117
2003,12,25,0
2003,12,26,-0.000233367
2003,12,29,-0.001822132
2003,12,30,0.000140282
2003,12,31,0.002195185
2004,1,1,0
2004,1,2,-0.001400626
2004,1,5,-0.008303864
2004,1,6,0.001271157
2004,1,7,-0.001035635
2004,1,8,4.71E-05
2004,1,9,0.002633932
2004,1,12,0.000563513
2004,1,13,-0.002538311
2004,1,14,-0.002167359
2004,1,15,0.000282965
2004,1,16,0.006486204
2004,1,19,0.005419814
2004,1,20,9.32E-05
2004,1,21,-0.005559853
2004,1,22,-0.003661117
2004,1,23,-0.002825393
2004,1,26,0.000612846
2004,1,27,-0.004439833
2004,1,28,-0.000852434
2004,1,29,0.004585104
2004,1,30,-0.001604758
2004,2,2,-0.003359439
2004,2,3,-0.000758617
2004,2,4,0.001564018
2004,2,5,-0.000568451
2004,2,6,-0.000189555
2004,2,9,0.002225011
2004,2,10,-0.000898876
2004,2,11,0
2004,2,12,-0.002227014
2004,2,13,4.74E-05
2004,2,16,0.000142291
2004,2,17,0.004023198
2004,2,18,0.003960028
2004,2,19,0.009645624
2004,2,20,0.014388072
2004,2,23,-0.00548098
2004,2,24,-0.000970358
2004,2,25,0.004520303
2004,2,26,0.009618101
2004,2,27,-0.003973424
2004,3,1,-0.002841302
2004,3,2,0.011589307
2004,3,3,-0.000953094
2004,3,4,0.005659837
2004,3,5,0.003155572
2004,3,8,0.009451993
2004,3,9,-0.009136983
2004,3,10,-0.000405031
2004,3,11,-0.002162942
2004,3,12,0.002207954
2004,3,15,-0.003155714
2004,3,16,-0.016250898
2004,3,17,-0.006260954
2004,3,18,-0.015966824
2004,3,19,0.002858283
2004,3,22,-0.000280781
2004,3,23,-0.000889659
2004,3,24,-0.004413153
2004,3,25,-0.001978147
2004,3,26,-0.001084931
2004,3,29,-0.003925004
2004,3,30,0.001325821
2004,3,31,-0.015546331
2004,4,1,-0.003418148
2004,4,2,0.006776754
2004,4,5,0.007824841
2004,4,6,0.009177849
2004,4,7,-0.010176398
2004,4,8,0.007677399
2004,4,9,0
2004,4,12,-0.000944644
2004,4,13,0.009593753
2004,4,14,0.015188754
2004,4,15,0.001428012
2004,4,16,-0.003550763
2004,4,19,0.003274533
2004,4,20,-0.003182146
2004,4,21,0.008692308
2004,4,22,0.005161125
2004,4,23,-0.005161125
2004,4,26,-0.005740412
2004,4,27,0.010081192
2004,4,28,0.000774788
2004,4,29,0.002138941
2004,4,30,0.003358449
2004,5,3,0.000407692
2004,5,4,-0.004948819
2004,5,5,-0.011075628
2004,5,6,0.008842925
2004,5,7,0.020989734
2004,5,10,0.015425154
2004,5,11,0.000527681
2004,5,12,-0.004715015
2004,5,13,0.00997657
2004,5,14,0.000786851
2004,5,17,-0.002800509
2004,5,18,0.001707494
2004,5,19,-0.014629678
2004,5,20,0.005135936
2004,5,21,-0.010521506
2004,5,24,0.004985987
2004,5,25,-0.003336079
2004,5,26,-0.005450579
2004,5,27,-0.007329005
2004,5,28,-0.002439907
2004,5,31,0
2004,6,1,-0.005443425
2004,6,2,0.002589322
2004,6,3,0.008493004
2004,6,4,0.002156916
2004,6,7,-0.014422566
2004,6,8,-0.000318827
2004,6,9,-0.004428523
2004,6,10,0.001280351
2004,6,11,0.0069674
2004,6,14,0.006874123
2004,6,15,-0.007918414
2004,6,16,-0.000908967
2004,6,17,-0.004831368
2004,6,18,-0.005727524
2004,6,21,-0.002622681
2004,6,22,0.004413192
2004,6,23,-0.003676306
2004,6,24,-0.01428132
2004,6,25,0.006424005
2004,6,28,0.000927601
2004,6,29,0.004717426
2004,6,30,0.006897213
2004,7,1,-0.008652086
2004,7,2,0.003045969
2004,7,5,0.006155845
2004,7,6,0.000549425
2004,7,7,-0.00735061
2004,7,8,0.002532871
2004,7,9,-0.004471393
2004,7,12,-0.000231027
2004,7,13,0.008512648
2004,7,14,-0.000549979
2004,7,15,0.004300098
2004,7,16,-0.008250494
2004,7,19,-0.003827447
2004,7,20,0.001154388
2004,7,21,0.014932487
2004,7,22,-0.004145886
2004,7,23,0.00650727
2004,7,26,-0.002088631
2004,7,27,0.00814816
2004,7,28,0.007277006
2004,7,29,0.002637168
2004,7,30,-0.004967231
2004,8,2,-0.005758778
2004,8,3,-0.001670844
2004,8,4,0.005903178
2004,8,5,0.002243965
2004,8,6,-0.012994814
2004,8,9,0.003988583
2004,8,10,0.002349434
2004,8,11,0.003109021
2004,8,12,0.000269893
2004,8,13,-0.004010911
2004,8,16,-0.00054203
2004,8,17,-0.005754564
2004,8,18,-0.003505182
2004,8,19,-0.002602682
2004,8,20,-0.000686044
2004,8,23,0.001462991
2004,8,24,0.000685041
2004,8,25,0.00605359
2004,8,26,-0.005551525
2004,8,27,-0.00018254
2004,8,30,0.00432635
2004,8,31,-0.002593563
2004,9,1,-0.002417609
2004,9,2,-0.001188137
2004,9,3,0.008060704
2004,9,6,-0.001997731
2004,9,7,-0.005697242
2004,9,8,-0.001051837
2004,9,9,0.004838425
2004,9,10,-0.004472443
2004,9,13,0.007745619
2004,9,14,-0.005415627
2004,9,15,0.005869389
2004,9,16,-0.004957147
2004,9,17,0.004412608
2004,9,20,-0.001908224
2004,9,21,0.00109086
2004,9,22,0.005391337
2004,9,23,-0.002759995
2004,9,24,0.003708398
2004,9,27,0.003919542
2004,9,28,0.002200814
2004,9,29,-0.005759296
2004,9,30,-0.005338896
2004,10,1,0.001812991
2004,10,4,0.00676959
2004,10,5,-0.000314897
2004,10,6,0.00134886
2004,10,7,-0.000674203
2004,10,8,-0.013215852
2004,10,11,-0.004795296
2004,10,12,0.005023071
2004,10,13,0.000728531
2004,10,14,-0.00309993
2004,10,15,-0.003613497
2004,10,18,0.001099153
2004,10,19,-0.006843522
2004,10,20,-0.00244561
2004,10,21,-0.00686109
2004,10,22,0
2004,10,25,-0.007939515
2004,10,26,-0.00065666
2004,10,27,-0.002207662
2004,10,28,-0.001835597
2004,10,29,0.000518074
2004,11,1,0.001740644
2004,11,2,-0.001411101
2004,11,3,-0.000847617
2004,11,4,-0.000565478
2004,11,5,-0.003588803
2004,11,8,-0.001135987
2004,11,9,0.001514363
2004,11,10,0.011472221
2004,11,11,-0.002199603
2004,11,12,-0.010029513
2004,11,15,-0.001325946
2004,11,16,-0.001327707
2004,11,17,-0.011453239
2004,11,18,0.000287936
2004,11,19,-0.012165248
2004,11,22,0.002619326
2004,11,23,0.003095528
2004,11,24,-0.006881206
2004,11,25,-0.002775548
2004,11,26,0.001802548
2004,11,29,-0.00116885
2004,11,30,0.001850049
2004,12,1,0.001118106
2004,12,2,0.002474828
2004,12,3,-0.006320519
2004,12,6,0.001169876
2004,12,7,0.001071185
2004,12,8,0.018801171
2004,12,9,0.0022421
2004,12,10,0.005607047
2004,12,13,-0.007944667
2004,12,14,0.00808681
2004,12,15,-0.013354517
2004,12,16,0.001631165
2004,12,17,0.001006157
2004,12,20,-0.004752199
2004,12,21,0.00585302
2004,12,22,-0.004122334
2004,12,23,-0.00452533
2004,12,24,-0.000434352
2004,12,27,-0.003966148
2004,12,28,0.000775119
2004,12,29,0.00896694
2004,12,30,-0.011051436
2004,12,31,-0.005498664
2005,1,3,0.003944586
2005,1,4,0.014283889
2005,1,5,-0.004802853
2005,1,6,0.011678685
2005,1,7,-0.002143624
2005,1,10,-0.003582949
2005,1,11,-0.005855829
2005,1,12,-0.014351761
2005,1,13,-4.88E-05
2005,1,14,0.001951601
2005,1,17,-0.005180093
2005,1,18,0.005423775
2005,1,19,-0.000779993
2005,1,20,0.00612604
2005,1,21,0.000872093
2005,1,24,-0.004757291
2005,1,25,0.012764279
2005,1,26,-0.011499933
2005,1,27,0.003396083
2005,1,28,0.00309493
2005,1,31,-0.000966137
2005,2,1,0.005975058
2005,2,2,-0.00192354
2005,2,3,0.007672059
2005,2,4,-0.009599306
2005,2,7,0.006968669
2005,2,8,0.013651602
2005,2,9,-0.001181782
2005,2,10,-0.001277895
2005,2,11,0.000852111
2005,2,14,-0.005884882
2005,2,15,-0.003528518
2005,2,16,0.007329178
2005,2,17,0.000379273
2005,2,18,0.002461773
2005,2,21,-0.003125595
2005,2,22,-0.011544828
2005,2,23,0.008409434
2005,2,24,0.003040527
2005,2,25,-0.001946773
2005,2,28,-0.008735765
2005,3,1,0.001628821
2005,3,2,0.003917452
2005,3,3,0.001477
2005,3,4,-0.005298721
2005,3,7,0.00753389
2005,3,8,-0.007055376
2005,3,9,-0.005564898
2005,3,10,0.002306474
2005,3,11,-0.002258368
2005,3,14,0.008955355
2005,3,15,-0.004778982
2005,3,16,-0.002590178
2005,3,17,0.003882755
2005,3,18,0.003486404
2005,3,21,0.001619665
2005,3,22,-0.0004761
2005,3,23,0.007212368
2005,3,24,0.00546939
2005,3,25,0
2005,3,28,0.006140884
2005,3,29,0.004662448
2005,3,30,-0.000884194
2005,3,31,-0.004058693
2005,4,1,0.003313502
2005,4,4,0.009459843
2005,4,5,0.001199262
2005,4,6,0.002118255
2005,4,7,-0.00239488
2005,4,8,0.00202681
2005,4,11,-0.007575444
2005,4,12,0.00393346
2005,4,13,-0.008487795
2005,4,14,0.00834923
2005,4,15,-0.006534305
2005,4,18,-0.000372024
2005,4,19,-0.003587824
2005,4,20,-0.00168185
2005,4,21,0.00214853
2005,4,22,-0.012016103
2005,4,25,-0.002458514
2005,4,26,0.003968447
2005,4,27,-0.00117944
2005,4,28,0.000519125
2005,4,29,-0.010052719
2005,5,2,0.00209474
2005,5,3,0.000142664
2005,5,4,-0.008260366
2005,5,5,0.001533081
2005,5,6,0.003250015
2005,5,9,0.008079124
2005,5,10,-0.000757612
2005,5,11,0.001325444
2005,5,12,0.009229241
2005,5,13,0.004116195
2005,5,16,0.000280034
2005,5,17,0.000653107
2005,5,18,-0.00055978
2005,5,19,0.004097794
2005,5,20,0.005098741
2005,5,23,-0.004680593
2005,5,24,-0.001347991
2005,5,25,0.002322989
2005,5,26,0.002965574
2005,5,27,-0.000370216
2005,5,30,-0.00115781
2005,5,31,-0.001159152
2005,6,1,0.004443835
2005,6,2,0.000184732
2005,6,3,-0.006764922
2005,6,6,-0.007560238
2005,6,7,-0.000187398
2005,6,8,0.001030252
2005,6,9,0.008064748
2005,6,10,0.007078611
2005,6,13,0.010273906
2005,6,14,-0.002604347
2005,6,15,0.000365932
2005,6,16,-0.002243437
2005,6,17,-0.001008897
2005,6,20,0.003846687
2005,6,21,-0.009090972
2005,6,22,0.003683076
2005,6,23,0.000689069
2005,6,24,0.004078739
2005,6,27,0.000274374
2005,6,28,0.003969979
2005,6,29,0.004679806
2005,6,30,0.004567767
2005,7,1,0.007686295
2005,7,4,-0.000582268
2005,7,5,0.001164197
2005,7,6,0.000849903
2005,7,7,0.001161856
2005,7,8,0.001383527
2005,7,11,-0.002500671
2005,7,12,-0.008125564
2005,7,13,0.011116704
2005,7,14,0
2005,7,15,0.000802068
2005,7,18,-0.004464094
2005,7,19,0.010769061
2005,7,20,0.006089508
2005,7,21,-0.02747352
2005,7,22,0.002889784
2005,7,25,0.006740387
2005,7,26,0.005270693
2005,7,27,0.000979606
2005,7,28,0.000800783
2005,7,29,-0.003028551
2005,8,1,0.000356777
2005,8,2,-0.007429322
2005,8,3,-0.001663482
2005,8,4,0.001573635
2005,8,5,0.006983956
2005,8,8,-0.002725102
2005,8,9,0.002368134
2005,8,10,-0.013660064
2005,8,11,-0.005261976
2005,8,12,-0.004375776
2005,8,15,9.14E-05
2005,8,16,-0.001828739
2005,8,17,0.003152487
2005,8,18,0.008313128
2005,8,19,0.001446589
2005,8,22,-0.007982264
2005,8,23,0.002274175
2005,8,24,0.002359669
2005,8,25,-0.00272319
2005,8,26,-0.003323245
2005,8,29,0.008129203
2005,8,30,0.008557069
2005,8,31,-0.003234068
2005,9,1,-0.009674578
2005,9,2,-0.003276155
2005,9,5,-0.005026055
2005,9,6,0.005162776
2005,9,7,0.003184861
2005,9,8,0.003944242
2005,9,9,-0.008634063
2005,9,12,0.002461484
2005,9,13,0.008838584
2005,9,14,-0.006655674
2005,9,15,0.002993743
2005,9,16,0.008389008
2005,9,19,-0.000628987
2005,9,20,0.001706332
2005,9,21,-0.002515612
2005,9,22,0.003233197
2005,9,23,0.005633062
2005,9,26,0.001737156
2005,9,27,0.008376038
2005,9,28,0.000617665
2005,9,29,-0.002384528
2005,9,30,0.002163977
2005,10,3,0.008215673
2005,10,4,-0.000787884
2005,10,5,-0.002718585
2005,10,6,-0.003518807
2005,10,7,0.003079633
2005,10,10,0.004033147
2005,10,11,0.000787195
2005,10,12,-0.000174879
2005,10,13,0.00488508
2005,10,14,-0.006854575
2005,10,17,0.005983988
2005,10,18,0.008801462
2005,10,19,-0.002550085
2005,10,20,-0.000519458
2005,10,21,0.001903362
2005,10,24,-0.003203189
2005,10,25,-0.005913832
2005,10,26,0.009894626
2005,10,27,-0.005108679
2005,10,28,0.003812334
2005,10,31,0.006636811
2005,11,1,0.00223109
2005,11,2,0.001284907
2005,11,3,0.002564871
2005,11,4,0.009602385
2005,11,7,-0.00406763
2005,11,8,-0.004084243
2005,11,9,0.001065212
2005,11,10,0.004800655
2005,11,11,-8.48E-05
2005,11,14,0.007263852
2005,11,15,0.002857265
2005,11,16,0.001551265
2005,11,17,-0.005671688
2005,11,18,0.005462198
2005,11,21,-0.005462198
2005,11,22,0.004456036
2005,11,23,-0.004456036
2005,11,24,0.001221078
2005,11,25,0.007128212
2005,11,28,-0.003683554
2005,11,29,0.002722116
2005,11,30,0.000836085
2005,12,1,0.006705146
2005,12,2,0.002156067
2005,12,5,0.002110098
2005,12,6,0.000413223
2005,12,7,-0.001571157
2005,12,8,-0.002859217
2005,12,9,0.000622265
2005,12,12,-0.004822292
2005,12,13,0.000583236
2005,12,14,-0.025391495
2005,12,15,-0.004023634
2005,12,16,-0.00688619
2005,12,19,0.002329395
2005,12,20,0.007383592
2005,12,21,0.004480772
2005,12,22,-0.006750143
2005,12,23,-0.002704271
2005,12,26,0
2005,12,27,0.006512169
2005,12,28,0.002473771
2005,12,29,0.003317176
2005,12,30,0.002247716
2006,1,2,0
2006,1,3,-0.011803695
2006,1,4,-0.002747137
2006,1,5,-0.003962277
2006,1,6,-0.01075979
2006,1,9,-0.002795616
2006,1,10,0.001573496
2006,1,11,-0.002098545
2006,1,12,-0.001050926
2006,1,13,0.002275613
2006,1,16,0.0047968
2006,1,17,0.007972658
2006,1,18,-0.005192344
2006,1,19,-0.00173679
2006,1,20,0.002474013
2006,1,23,-0.006218358
2006,1,24,0.000174467
2006,1,25,0.009721877
2006,1,26,0.00293268
2006,1,27,0.007294291
2006,1,30,0.005967368
2006,1,31,-0.005027277
2006,2,1,0.006131593
2006,2,2,0.005503358
2006,2,3,0.005976952
2006,2,6,-0.002857745
2006,2,7,-0.006332876
2006,2,8,0.004395054
2006,2,9,-4.22E-05
2006,2,10,-0.007704394
2006,2,13,0.001231606
2006,2,14,-0.003060576
2006,2,15,0.000340527
2006,2,16,0.003144389
2006,2,17,0.005120296
2006,2,20,-0.001647482
2006,2,21,0.005817401
2006,2,22,-0.003030943
2006,2,23,-0.012472587
2006,2,24,-0.002136753
2006,2,27,-0.007299302
2006,2,28,-0.001725254
2006,3,1,0.001251106
2006,3,2,0.001378716
2006,3,3,0.003438497
2006,3,6,0.008417234
2006,3,7,0.002252493
2006,3,8,0.000721424
2006,3,9,-0.00220835
2006,3,10,0.012673905
2006,3,13,0.00041971
2006,3,14,-0.014199622
2006,3,15,0.000553156
2006,3,16,-0.003707733
2006,3,17,-0.008317661
2006,3,20,0.001290767
2006,3,21,0.006514402
2006,3,22,-0.001624626
2006,3,23,0.007162683
2006,3,24,0.000212391
2006,3,27,-0.010288903
2006,3,28,0.002571467
2006,3,29,0.011151899
2006,3,30,-0.007051257
2006,3,31,0.005907746
2006,4,3,-0.000127137
2006,4,4,-0.004162072
2006,4,5,0.001445947
2006,4,6,0.000382401
2006,4,7,0.002926893
2006,4,10,0.002622675
2006,4,11,0.002110062
2006,4,12,-0.001856619
2006,4,13,0.000253378
2006,4,14,0
2006,4,17,-0.006863852
2006,4,18,0.000170046
2006,4,19,0.001529117
2006,4,20,-0.002209476
2006,4,21,-0.005203014
2006,4,24,-0.017077477
2006,4,25,-0.001479934
2006,4,26,0.000783767
2006,4,27,-0.007689993
2006,4,28,0.001796709
2006,5,1,-0.010696231
2006,5,2,0.001945268
2006,5,3,0.003703218
2006,5,4,-0.000748355
2006,5,5,-0.010580704
2006,5,8,-0.007863854
2006,5,9,-0.003054946
2006,5,10,-0.004871238
2006,5,11,0.000994216
2006,5,12,-0.001989421
2006,5,15,-0.001812005
2006,5,16,-0.001815294
2006,5,17,-0.002546961
2006,5,18,0.007531113
2006,5,19,0.013601987
2006,5,22,-0.000312159
2006,5,23,-0.007341454
2006,5,24,0.012368714
2006,5,25,-0.006321528
2006,5,26,0.005922051
2006,5,29,-0.000666149
2006,5,30,-0.005791952
2006,5,31,0.001874917
2006,6,1,0.002672369
2006,6,2,-0.008531979
2006,6,5,0.003045915
2006,6,6,0.015180052
2006,6,7,0.001144669
2006,6,8,0.006009976
2006,6,9,-0.004515076
2006,6,12,0.004996066
2006,6,13,0.007230627
2006,6,14,-0.003129757
2006,6,15,0.000261188
2006,6,16,0.000783154
2006,6,19,0.004556212
2006,6,20,-0.004730193
2006,6,21,0.00026096
2006,6,22,0.006933939
2006,6,23,0.003664192
2006,6,26,0.001247071
2006,6,27,-0.001376167
2006,6,28,0.000946318
2006,6,29,-0.001419813
2006,6,30,-0.015752457
2006,7,3,0.003449409
2006,7,4,-0.000915771
2006,7,5,0.009595628
2006,7,6,-0.004981708
2006,7,7,-0.009950765
2006,7,10,0.000789197
2006,7,11,0.00166404
2006,7,12,0.011311846
2006,7,13,-0.002859373
2006,7,14,0.009327701
2006,7,17,0.006853743
2006,7,18,0.001791351
2006,7,19,-0.002303755
2006,7,20,-0.002822927
2006,7,21,-0.005411455
2006,7,24,0.005068739
2006,7,25,0.001455729
2006,7,26,-0.000171152
2006,7,27,-0.01157774
2006,7,28,-0.006950506
2006,7,31,-0.002313048
2006,8,1,0.006272071
2006,8,2,-0.005049417
2006,8,3,0.004137186
2006,8,4,-0.007459303
2006,8,7,0.006981136
2006,8,8,0.000695441
2006,8,9,0.000781793
2006,8,10,0.002341718
2006,8,11,0.005270446
2006,8,14,0.003441012
2006,8,15,-0.003699565
2006,8,16,-0.002027654
2006,8,17,-0.002204882
2006,8,18,0.001859339
2006,8,21,0.001079424
2006,8,22,0.005079212
2006,8,23,0.00060091
2006,8,24,-0.001717845
2006,8,25,0.008304131
2006,8,28,-0.001108931
2006,8,29,-0.002221559
2006,8,30,0.001196837
2006,8,31,0.002048394
2006,9,1,0.000340991
2006,9,4,-0.011831921
2006,9,5,0.001292881
2006,9,6,0.004683447
2006,9,7,-0.00167321
2006,9,8,0.00248735
2006,9,11,0.008444987
2006,9,12,0.000254799
2006,9,13,-0.000849582
2006,9,14,-0.002127117
2006,9,15,0.00153198
2006,9,18,0.00356552
2006,9,19,-0.007101125
2006,9,20,0.000554596
2006,9,21,-0.003888645
2006,9,22,-0.003474087
2006,9,25,0.001030618
2006,9,26,0.004624682
2006,9,27,0.002815702
2006,9,28,0.004166318
2006,9,29,0.001780265
2006,10,2,-0.002883924
2006,10,3,0.001358177
2006,10,4,0.001186893
2006,10,5,-0.002884903
2006,10,6,0.010733707
2006,10,9,0.001344143
2006,10,10,0.004356028
2006,10,11,-0.000418025
2006,10,12,-0.000585529
2006,10,13,0.002924223
2006,10,16,-0.005185909
2006,10,17,-0.004538776
2006,10,18,0.003112123
2006,10,19,-0.006233961
2006,10,20,0.003627166
2006,10,23,0.004536489
2006,10,24,0.001340202
2006,10,25,-0.002934028
2006,10,26,-0.004375086
2006,10,27,-0.008382776
2006,10,30,-0.001106007
2006,10,31,-0.002727701
2006,11,1,-0.001537608
2006,11,2,0.001110731
2006,11,3,0.008164352
2006,11,6,0.003044529
2006,11,7,-0.008224567
2006,11,8,0.003908744
2006,11,9,0.003048396
2006,11,10,-0.006914571
2006,11,13,0.005560876
2006,11,14,-0.003647163
2006,11,15,0.003393141
2006,11,16,0.000254022
2006,11,17,-0.003732139
2006,11,20,0.004239989
2006,11,21,-0.002287361
2006,11,22,-0.011087061
2006,11,23,-0.004038847
2006,11,24,-0.002413898
2006,11,27,0.001983272
2006,11,28,0.001291322
2006,11,29,-0.000645453
2006,11,30,-0.004356929
2006,12,1,-0.004158911
2006,12,4,0.002168258
2006,12,5,-0.003123782
2006,12,6,-0.001304461
2006,12,7,0.002086322
2006,12,8,0.002904899
2006,12,11,0.013459964
2006,12,12,0.000341661
2006,12,13,0.00145076
2006,12,14,0.003150279
2006,12,15,0.000594884
2006,12,18,0.003519563
2006,12,19,-4.23E-05
2006,12,20,0.001945361
2006,12,21,0.00084463
2006,12,22,0.002950601
2006,12,25,0
2006,12,26,0.001345952
2006,12,27,-0.002272346
2006,12,28,0.00252451
2006,12,29,0.001427732
2007,1,1,0
2007,1,2,-0.002773344
2007,1,3,0.004534203
2007,1,4,-0.00108969
2007,1,5,-0.004286441
2007,1,8,-0.001179891
2007,1,9,0.006891073
2007,1,10,0.001924365
2007,1,11,0.006747776
2007,1,12,-0.000830599
2007,1,15,0.001328628
2007,1,16,0.001906815
2007,1,17,-0.001740861
2007,1,18,0.006450835
2007,1,19,0.0004533
2007,1,22,0.001852272
2007,1,23,-0.00172868
2007,1,24,-0.003259684
2007,1,25,-0.000289346
2007,1,26,0.004619517
2007,1,29,0.003286639
2007,1,30,-0.00312205
2007,1,31,-0.004660091
2007,2,1,-0.003768667
2007,2,2,0.00521438
2007,2,5,-0.006875441
2007,2,6,0.001412078
2007,2,7,0.001492971
2007,2,8,0.004135484
2007,2,9,0.004447197
2007,2,12,0.000903491
2007,2,13,-0.00419581
2007,2,14,-0.004296285
2007,2,15,-0.010905869
2007,2,16,-0.001340202
2007,2,19,0.003263601
2007,2,20,0.00341952
2007,2,21,0.007382862
2007,2,22,0.003629918
2007,2,23,-0.002968952
2007,2,26,-0.004387061
2007,2,27,-0.01517112
2007,2,28,-0.002065637
2007,3,1,-0.007284772
2007,3,2,-0.005114011
2007,3,5,-0.009012937
2007,3,6,0.002411404
2007,3,7,0.00257721
2007,3,8,0.006584597
2007,3,9,0.006710864
2007,3,12,-0.005092741
2007,3,13,-0.004648493
2007,3,14,-0.005443532
2007,3,15,0.007834447
2007,3,16,-0.004145039
2007,3,19,0.006998108
2007,3,20,-0.002170999
2007,3,21,0.004294863
2007,3,22,-0.000594228
2007,3,23,0.000509359
2007,3,26,0.000424268
2007,3,27,0.000424088
2007,3,28,-0.012372171
2007,3,29,0.012202558
2007,3,30,0.0014408
2007,4,2,-0.002289301
2007,4,3,0.008284421
2007,4,4,-0.001432182
2007,4,5,-0.000590319
2007,4,6,0
2007,4,9,0.006097195
2007,4,10,-0.001636284
2007,4,11,0.002097316
2007,4,12,-0.003147626
2007,4,13,0.00289618
2007,4,16,0.004182532
2007,4,17,-0.004392118
2007,4,18,-0.008715661
2007,4,19,0.0002537
2007,4,20,0.00510259
2007,4,23,-0.001220565
2007,4,24,-0.002783403
2007,4,25,0.000675476
2007,4,26,0.007651597
2007,4,27,0.000628022
2007,4,30,0.000376624
2007,5,1,0.00200627
2007,5,2,0.003085135
2007,5,3,0.001829903
2007,5,4,-0.000914533
2007,5,7,-0.002665225
2007,5,8,-0.000417084
2007,5,9,-0.001168761
2007,5,10,0.00599627
2007,5,11,-0.002743828
2007,5,14,0.002162433
2007,5,15,-0.000955884
2007,5,16,0.003610936
2007,5,17,0.004794388
2007,5,18,-0.000494907
2007,5,21,0.003212523
2007,5,22,-0.001481421
2007,5,23,0.000164711
2007,5,24,-0.000164711
2007,5,25,0.001810328
2007,5,28,0
2007,5,29,0.000821794
2007,5,30,-0.001726548
2007,5,31,0.002383497
2007,6,1,0.001804388
2007,6,4,-0.00229706
2007,6,5,-0.000903862
2007,6,6,-0.005027207
2007,6,7,0.003381725
2007,6,8,0.001481055
2007,6,11,0.000904011
2007,6,12,0.000164278
2007,6,13,0.004670608
2007,6,14,0.004811622
2007,6,15,0.004869547
2007,6,18,0.00105195
2007,6,19,-0.002186059
2007,6,20,0.002105179
2007,6,21,0.000161753
2007,6,22,0.003471385
2007,6,25,-0.002824633
2007,6,26,-0.005267008
2007,6,27,-0.004968246
2007,6,28,0.003992835
2007,6,29,0.004300907
2007,7,2,-0.009600985
2007,7,3,8.18E-05
2007,7,4,0.002367928
2007,7,5,0.001589081
2007,7,6,0.00313002
2007,7,9,0.000649166
2007,7,10,-0.009700109
2007,7,11,-0.002049853
2007,7,12,0.005075945
2007,7,13,-0.001798194
2007,7,16,-0.001391732
2007,7,17,0.001391732
2007,7,18,-0.003318791
2007,7,19,0.001435397
2007,7,20,-0.006413705
2007,7,23,0.000989405
2007,7,24,-0.005702495
2007,7,25,-0.003320745
2007,7,26,-0.007847434
2007,7,27,-0.004788718
2007,7,30,-0.002445195
2007,7,31,0.005136421
2007,8,1,-0.00433475
2007,8,2,0.003662622
2007,8,3,-0.005224364
2007,8,6,-0.004657473
2007,8,7,0.004826428
2007,8,8,0.010587
2007,8,9,-0.008308902
2007,8,10,-0.007359194
2007,8,13,0.004912142
2007,8,14,-0.003724241
2007,8,15,-0.005783067
2007,8,16,-0.026095575
2007,8,17,-0.00368373
2007,8,20,0.00883568
2007,8,21,-0.004189402
2007,8,22,0.006103694
2007,8,23,0.010807645
2007,8,24,-0.003186911
2007,8,27,0.001293215
2007,8,28,-0.009696626
2007,8,29,0.001217233
2007,8,30,0.006150401
2007,8,31,0.001035778
2007,9,3,-0.000431444
2007,9,4,0.002844094
2007,9,5,-0.007385526
2007,9,6,-0.000910767
2007,9,7,-0.015567239
2007,9,10,-0.001411246
2007,9,11,0.007124041
2007,9,12,0.000876002
2007,9,13,0.010712522
2007,9,14,-0.003210415
2007,9,17,-0.000434631
2007,9,18,0.00680201
2007,9,19,0.00409351
2007,9,20,-0.014990316
2007,9,21,0.007566569
2007,9,24,-0.003819615
2007,9,25,-0.005319625
2007,9,26,0.01156233
2007,9,27,-0.000345796
2007,9,28,-0.005549067
2007,10,1,0.005549067
2007,10,2,0.001986698
2007,10,3,0.007479402
2007,10,4,-0.002615726
2007,10,5,0.002101697
2007,10,8,0.007512734
2007,10,9,-0.005030706
2007,10,10,0.000854445
2007,10,11,0.00426131
2007,10,12,-0.001361644
2007,10,15,0.00025545
2007,10,16,-0.007434661
2007,10,17,0.000728816
2007,10,18,-0.008608128
2007,10,19,-0.006200562
2007,10,22,-0.008035329
2007,10,23,0.005596622
2007,10,24,-0.005245914
2007,10,25,0.001489138
2007,10,26,-0.000612906
2007,10,29,0.004544072
2007,10,30,0.000261529
2007,10,31,0.004869363
2007,11,1,-0.003562743
2007,11,2,-0.00100159
2007,11,5,-0.002399181
2007,11,6,-0.001573496
2007,11,7,-0.009581649
2007,11,8,-0.004160034
2007,11,9,-0.018621012
2007,11,12,-0.011725275
2007,11,13,0.007741387
2007,11,14,0.010468937
2007,11,15,-0.00431869
2007,11,16,-0.002527876
2007,11,19,-0.004076093
2007,11,20,0.000181513
2007,11,21,-0.016192834
2007,11,22,0.001198267
2007,11,23,-0.00512573
2007,11,26,0.002265949
2007,11,27,0.003044002
2007,11,28,0.012720955
2007,11,29,-0.002640686
2007,11,30,0.01133285
2007,12,3,-0.004155569
2007,12,4,-0.007542062
2007,12,5,0.011697631
2007,12,6,0.003868999
2007,12,7,0.002780022
2007,12,10,0.00035815
2007,12,11,-0.000806018
2007,12,12,0.005539438
2007,12,13,-0.000802211
2007,12,14,0.01073181
2007,12,17,-0.000882574
2007,12,18,-0.000397412
2007,12,19,0.001279986
2007,12,20,-0.003889164
2007,12,21,0.008729444
2007,12,24,0.004117756
2007,12,25,0
2007,12,26,-0.002451089
2007,12,27,0.000481938
2007,12,28,-0.009108373
2007,12,31,-0.012454015
2008,1,1,0
2008,1,2,-0.017700376
2008,1,3,-0.002189083
2008,1,4,-0.011895334
2008,1,7,0.004287598
2008,1,8,0.009341155
2008,1,9,-0.001642111
2008,1,10,-0.000456621
2008,1,11,-0.004210725
2008,1,14,-0.009307965
2008,1,15,-0.011079156
2008,1,16,0.000187222
2008,1,17,0.002664113
2008,1,18,-0.000513575
2008,1,21,-0.011554849
2008,1,22,0.009217089
2008,1,23,-0.010256983
2008,1,24,0.008804822
2008,1,25,0.005982444
2008,1,28,-0.004998492
2008,1,29,0.001591016
2008,1,30,0.003826773
2008,1,31,-0.009547505
2008,2,1,-0.000705633
2008,2,4,0.004975835
2008,2,5,0.001263483
2008,2,6,-0.001684999
2008,2,7,-0.001124912
2008,2,8,0.007801408
2008,2,11,-0.006489134
2008,2,12,0.006163348
2008,2,13,0.007512556
2008,2,14,-0.000554554
2008,2,15,-0.005097796
2008,2,18,0.005421323
2008,2,19,-0.00616499
2008,2,20,0.004638873
2008,2,21,-0.004824876
2008,2,22,-0.005222187
2008,2,25,0.010602285
2008,2,26,-0.004032357
2008,2,27,-0.010598414
2008,2,28,-0.006970967
2008,2,29,-0.016008727
2008,3,3,-0.006940121
2008,3,4,-0.005820456
2008,3,5,0.011511058
2008,3,6,-0.008596595
2008,3,7,-0.000970544
2008,3,10,-0.011425906
2008,3,11,0.010308614
2008,3,12,-0.004774674
2008,3,13,-0.017588826
2008,3,14,-0.003884467
2008,3,17,-0.03359017
2008,3,18,0.013734649
2008,3,19,0.011236073
2008,3,20,-0.005703485
2008,3,21,0
2008,3,24,0.019995154
2008,3,25,-0.006970404
2008,3,26,-0.00933648
2008,3,27,0.007335979
2008,3,28,-0.001603287
2008,3,31,-0.001806776
2008,4,1,0.02323723
2008,4,2,0.00796817
2008,4,3,-0.004147258
2008,4,4,-0.006770042
2008,4,7,0.009504285
2008,4,8,0.000292512
2008,4,9,-0.002684565
2008,4,10,-0.012838662
2008,4,11,0.00108857
2008,4,14,-0.00376555
2008,4,15,0.006037829
2008,4,16,-0.000296092
2008,4,17,0.010409089
2008,4,18,0.020211499
2008,4,21,-0.012669068
2008,4,22,0.000193892
2008,4,23,0.004400926
2008,4,24,0.003853013
2008,4,25,0.001249039
2008,4,28,0.003259362
2008,4,29,-0.010777107
2008,4,30,0.011016347
2008,5,1,-0.004122926
2008,5,2,0.011796025
2008,5,5,-0.00133023
2008,5,6,-0.007060761
2008,5,7,0.008818189
2008,5,8,-0.016749207
2008,5,9,-0.003722778
2008,5,12,0.004157005
2008,5,13,0.007544667
2008,5,14,0.007678222
2008,5,15,-0.004189485
2008,5,16,-0.006989688
2008,5,19,0.003836015
2008,5,20,-0.006000258
2008,5,21,-0.005745894
2008,5,22,0.006660256
2008,5,23,-0.005450393
2008,5,26,0.001015155
2008,5,27,0.005925301
2008,5,28,0.006367771
2008,5,29,0.006042889
2008,5,30,0.001564241
2008,6,2,-0.009709276
2008,6,3,0.006768377
2008,6,4,-0.001997148
2008,6,5,0.010134582
2008,6,6,-0.007567553
2008,6,9,0.007096255
2008,6,10,0.0105042
2008,6,11,-0.003738846
2008,6,12,0.011452639
2008,6,13,0
2008,6,16,0.002542707
2008,6,17,-0.001432367
2008,6,18,-0.002221915
2008,6,19,0.000787493
2008,6,20,-0.005618644
2008,6,23,0.005109161
2008,6,24,-0.002133384
2008,6,25,0.004262226
2008,6,26,-0.00900907
2008,6,27,-0.00975023
2008,6,30,-0.001319821
2008,7,1,-0.000188688
2008,7,2,0.001225837
2008,7,3,0.005263417
2008,7,4,0.0003749
2008,7,7,0.007468643
2008,7,8,-0.002700942
2008,7,9,-0.000933053
2008,7,10,-0.002430021
2008,7,11,-0.007702823
2008,7,14,0.003858828
2008,7,15,-0.01982799
2008,7,16,0.00420711
2008,7,17,0.007509541
2008,7,18,0.010738105
2008,7,21,0.001123648
2008,7,22,0.000280715
2008,7,23,0.008663305
2008,7,24,-0.001717376
2008,7,25,0.002459113
2008,7,28,-0.002505569
2008,7,29,0.005282192
2008,7,30,0
2008,7,31,-0.0010172
2008,8,1,-0.005194576
2008,8,4,0.00417634
2008,8,5,0.000740638
2008,8,6,0.009945291
2008,8,7,0.004114856
2008,8,8,0.005460267
2008,8,11,-0.002544415
2008,8,12,-0.001639121
2008,8,13,-0.009937572
2008,8,14,0.008569582
2008,8,15,0.008180005
2008,8,18,-0.001902692
2008,8,19,-0.004818191
2008,8,20,0.001547988
2008,8,21,-0.015034431
2008,8,22,0.015307357
2008,8,25,-0.003462576
2008,8,26,0.002552533
2008,8,27,-0.000910871
2008,8,28,-0.003011776
2008,8,29,-0.008076032
2008,9,1,-0.003600115
2008,9,2,0.006498467
2008,9,3,-0.003635782
2008,9,4,-0.003510234
2008,9,5,-0.015104478
2008,9,8,0.014317605
2008,9,9,-0.004966936
2008,9,10,0.001023256
2008,9,11,-0.009716524
2008,9,12,0.007016588
2008,9,15,-0.009460543
2008,9,16,-0.013215738
2008,9,17,-0.001240517
2008,9,18,0.00143123
2008,9,19,0.017953804
2008,9,22,-4.68E-05
2008,9,23,-0.009882433
2008,9,24,0.002833532
2008,9,25,0.003624642
2008,9,26,-0.003624642
2008,9,29,-0.011096472
2008,9,30,0.012416044
2008,10,1,-0.005620248
2008,10,2,-0.002703281
2008,10,3,0.005257561
2008,10,6,-0.045274526
2008,10,7,0.013598972
2008,10,8,-0.025132782
2008,10,9,0.006677988
2008,10,10,-0.009030871
2008,10,13,0.01032145
2008,10,14,0.015944435
2008,10,15,-0.010551986
2008,10,16,-0.009219396
2008,10,17,0.009712663
2008,10,20,0.001822975
2008,10,21,-0.005874964
2008,10,22,-0.02056049
2008,10,23,-0.013945666
2008,10,24,-0.046097877
2008,10,27,0.001448071
2008,10,28,0.025347284
2008,10,29,0.018687295
2008,10,30,-0.000102575
2008,10,31,0.008834025
2008,11,3,0.006031595
2008,11,4,0.007651686
2008,11,5,-0.003063712
2008,11,6,-0.013164747
2008,11,7,0.001273399
2008,11,10,0.003861205
2008,11,11,-0.011731237
2008,11,12,-0.019374829
2008,11,13,0.003602855
2008,11,14,0.009131536
2008,11,17,-0.002326845
2008,11,18,0.008248745
2008,11,19,-0.005044277
2008,11,20,-0.019645769
2008,11,21,-0.000737036
2008,11,24,0.015105475
2008,11,25,-0.008857915
2008,11,26,-0.005247428
2008,11,27,0.005613718
2008,11,28,-0.003406444
2008,12,1,-0.014914598
2008,12,2,-0.002774667
2008,12,3,-0.002889557
2008,12,4,-0.005373179
2008,12,5,-0.00822293
2008,12,8,0.01075192
2008,12,9,-0.004794364
2008,12,10,0.002157615
2008,12,11,-0.010834929
2008,12,12,-0.004914283
2008,12,15,-0.009514715
2008,12,16,-0.004375163
2008,12,17,-0.02404205
2008,12,18,0.014169421
2008,12,19,0.003636876
2008,12,22,0.009560409
2008,12,23,0.002044708
2008,12,24,0.000165604
2008,12,25,0
2008,12,26,0.000882759
2008,12,29,-0.006195738
2008,12,30,0.000832016
2008,12,31,0.005198264
2009,1,1,0
2009,1,2,0.003578806
2009,1,5,0.022982024
2009,1,6,0.014874325
2009,1,7,-0.017832827
2009,1,8,-0.016840902
2009,1,9,-0.011571652
2009,1,12,-0.011202569
2009,1,13,0.004027302
2009,1,14,-0.008521186
2009,1,15,0.010027253
2009,1,16,0.01042427
2009,1,19,-0.002761822
2009,1,20,-0.002714006
2009,1,21,-0.028351545
2009,1,22,0.01191098
2009,1,23,0.008142224
2009,1,26,0.001955472
2009,1,27,-0.008013717
2009,1,28,0.009463881
2009,1,29,0.002282534
2009,1,30,-0.001168452
2009,2,2,0.000445286
2009,2,3,-0.008101734
2009,2,4,0.00648663
2009,2,5,0.006057088
2009,2,6,0.01462931
2009,2,9,0.000982265
2009,2,10,-0.005304762
2009,2,11,-0.009808322
2009,2,12,0.003979005
2009,2,13,0.014346977
2009,2,16,-0.000924692
2009,2,17,0.005805925
2009,2,18,0.012794498
2009,2,19,0.005114828
2009,2,20,0.000796834
2009,2,23,0.003128068
2009,2,24,0.02405848
2009,2,25,0.002786667
2009,2,26,0.014529339
2009,2,27,-0.006113423
2009,3,2,-0.002865771
2009,3,3,0.009486963
2009,3,4,0.009096025
2009,3,5,-0.011637452
2009,3,6,-0.004693168
2009,3,9,0.010984092
2009,3,10,-0.004765293
2009,3,11,-0.006627943
2009,3,12,0.001482353
2009,3,13,0.001480158
2009,3,16,0.001528896
2009,3,17,0.006547748
2009,3,18,-0.007362869
2009,3,19,-0.044287296
2009,3,20,0.024574364
2009,3,23,0.011730491
2009,3,24,0.005533084
2009,3,25,-0.001482732
2009,3,26,0.007798006
2009,3,27,-0.004681704
2009,3,30,-0.011388243
2009,3,31,0.018959609
2009,4,1,0.000556694
2009,4,2,0.006555747
2009,4,3,0.002159015
2009,4,6,0.011122587
2009,4,7,-0.002781505
2009,4,8,-0.004686418
2009,4,9,0.002694881
2009,4,10,0
2009,4,13,-9.97E-05
2009,4,14,-0.010925236
2009,4,15,0.001963302
2009,4,16,-0.002719446
2009,4,17,-0.001968654
2009,4,20,-0.006183497
2009,4,21,-0.000152536
2009,4,22,-0.002494719
2009,4,23,-0.001377305
2009,4,24,-0.005836294
2009,4,27,-0.007628117
2009,4,28,-0.000517518
2009,4,29,0.004081111
2009,4,30,0.014332026
2009,5,1,0.009609623
2009,5,4,0.000603834
2009,5,5,-0.005295955
2009,5,6,-0.001518296
2009,5,7,0.001973335
2009,5,8,0.000151634
2009,5,11,-0.013074077
2009,5,12,-0.011225659
2009,5,13,-0.005035702
2009,5,14,-0.004590514
2009,5,15,-0.003089574
2009,5,18,0.004604686
2009,5,19,0.003907781
2009,5,20,-0.008460022
2009,5,21,-0.008056279
2009,5,22,0.000898354
2009,5,25,0.004164147
2009,5,26,-0.00295001
2009,5,27,0.003738716
2009,5,28,0.016730904
2009,5,29,-0.013320349
2009,6,1,0.012182575
2009,6,2,-0.006801864
2009,6,3,-0.002347235
2009,6,4,0.00635088
2009,6,5,0.016826145
2009,6,8,0.006763483
2009,6,9,-0.012032981
2009,6,10,0.006646241
2009,6,11,-0.002142421
2009,6,12,0.003568155
2009,6,15,-0.002751454
2009,6,16,-0.013458185
2009,6,17,-0.010448981
2009,6,18,0.0067186
2009,6,19,0.00414401
2009,6,22,-0.00809679
2009,6,23,-0.00690271
2009,6,24,0.000734368
2009,6,25,0.010276832
2009,6,26,-0.010276832
2009,6,29,0.003559281
2009,6,30,0.008221505
2009,7,1,0.001863837
2009,7,2,-0.007372061
2009,7,3,0.001145714
2009,7,6,-0.01330838
2009,7,7,0.002949389
2009,7,8,-0.010042368
2009,7,9,-0.014015421
2009,7,10,-0.006377021
2009,7,13,0.003679857
2009,7,14,0.004527089
2009,7,15,0.00952592
2009,7,16,-0.002666668
2009,7,17,0.004901187
2009,7,20,0.004930166
2009,7,21,-0.009510977
2009,7,22,0.000320273
2009,7,23,0.012200448
2009,7,24,-0.001371742
2009,7,27,0.006420399
2009,7,28,-0.008269952
2009,7,29,0.00522277
2009,7,30,0.006085105
2009,7,31,-0.004297701
2009,8,3,0
2009,8,4,0.000944981
2009,8,5,-0.003996009
2009,8,6,0.006930253
2009,8,7,0.019378845
2009,8,10,-0.00077004
2009,8,11,-0.015265892
2009,8,12,0.003539642
2009,8,13,-0.007877137
2009,8,14,-0.009947712
2009,8,17,-0.001058481
2009,8,18,0.003066514
2009,8,19,-0.010400731
2009,8,20,0.006274614
2009,8,21,0.002752635
2009,8,24,0.003061335
2009,8,25,-0.005601959
2009,8,26,0
2009,8,27,-0.008676036
2009,8,28,-0.00058822
2009,8,31,-0.007624607
2009,9,1,0.003658475
2009,9,2,-0.006681419
2009,9,3,0.000432409
2009,9,4,0.004421446
2009,9,7,0.00139785
2009,9,8,-0.009717725
2009,9,9,-0.004458468
2009,9,10,0.000163465
2009,9,11,-0.01310721
2009,9,14,0.001323992
2009,9,15,0.006265134
2009,9,16,-0.00208402
2009,9,17,0.000768302
2009,9,18,0.001918177
2009,9,21,0.009969846
2009,9,22,-0.011888023
2009,9,23,0.002629706
2009,9,24,-0.002629706
2009,9,25,-0.013420055
2009,9,28,-0.005128216
2009,9,29,0.008957194
2009,9,30,-0.008230957
2009,10,1,0.000893106
2009,10,2,-0.004361447
2009,10,5,0.003803349
2009,10,6,-0.00919753
2009,10,7,0.003487068
2009,10,8,-0.007382187
2009,10,9,0.011584227
2009,10,12,0.003293241
2009,10,13,-0.001115138
2009,10,14,-0.003464852
2009,10,15,0.011576909
2009,10,16,0.00573858
2009,10,19,-0.00374842
2009,10,20,0.001875966
2009,10,21,0.004619708
2009,10,22,0.004434597
2009,10,23,0.004523785
2009,10,26,0.000108755
2009,10,27,0.000978261
2009,10,28,-0.010704051
2009,10,29,0.003836042
2009,10,30,-0.009838758
2009,11,2,-0.00022097
2009,11,3,-0.001824868
2009,11,4,0.005189368
2009,11,5,-0.002370518
2009,11,6,-0.008313521
2009,11,9,-5.57E-05
2009,11,10,-0.00077951
2009,11,11,0.00077951
2009,11,12,0.007319946
2009,11,13,-0.00932563
2009,11,16,-0.003855507
2009,11,17,0.00117499
2009,11,18,-0.001959084
2009,11,19,-0.004999027
2009,11,20,0.001912692
2009,11,23,5.62E-05
2009,11,24,-0.005127205
2009,11,25,-0.009649297
2009,11,26,-0.012627155
2009,11,27,0.001615975
2009,11,30,-0.006479629
2009,12,1,0.006248935
2009,12,2,0.007241411
2009,12,3,0.009801207
2009,12,4,0.019930484
2009,12,7,-0.003229222
2009,12,8,-0.01392655
2009,12,9,-0.005500283
2009,12,10,0.004368677
2009,12,11,0.014277124
2009,12,14,-0.01252368
2009,12,15,0.013806483
2009,12,16,-0.00156189
2009,12,17,0.006565793
2009,12,18,0.006743338
2009,12,21,0.001761242
2009,12,22,0.009413895
2009,12,23,-0.003929922
2009,12,24,0.003820965
2009,12,25,0
2009,12,28,-0.001362955
2009,12,29,0.002669647
2009,12,30,0.008506079
2009,12,31,0.004467778
2010,1,1,0
2010,1,4,-0.008034771
2010,1,5,-0.008809671
2010,1,6,0.012106883
2010,1,7,0.005811154
2010,1,8,-0.002632358
2010,1,11,-0.011034296
2010,1,12,-0.010937438
2010,1,13,0.003513013
2010,1,14,-0.001535425
2010,1,15,-0.002747707
2010,1,18,-0.000385282
2010,1,19,0.004010664
2010,1,20,0.000219298
2010,1,21,-0.000109643
2010,1,22,-0.012301228
2010,1,25,0.000443927
2010,1,26,-0.006903106
2010,1,27,-0.000838293
2010,1,28,0.005575394
2010,1,29,0.008029503
2010,2,1,0.001322824
2010,2,2,-0.0046929
2010,2,3,0.006838765
2010,2,4,-0.007115505
2010,2,5,-0.010741122
2010,2,8,-0.001287758
2010,2,9,0.001623422
2010,2,10,0.005021491
2010,2,11,-0.000668077
2010,2,12,0.002447437
2010,2,15,-0.000166681
2010,2,16,0.002996008
2010,2,17,0.006680863
2010,2,18,0.001099989
2010,2,19,0.011205671
2010,2,22,-0.008954469
2010,2,23,-0.010641624
2010,2,24,-0.002886646
2010,2,25,-0.011405692
2010,2,26,-0.000618725
2010,3,1,0.005890455
2010,3,2,-0.004035428
2010,3,3,-0.005631914
2010,3,4,0.004845353
2010,3,5,0.017825784
2010,3,8,-0.001878973
2010,3,9,-0.006882798
2010,3,10,0.009589608
2010,3,11,-0.001269631
2010,3,12,0.002317242
2010,3,15,-0.002925028
2010,3,16,-0.000386965
2010,3,17,5.53E-05
2010,3,18,0.000386943
2010,3,19,0.000442038
2010,3,22,-0.005261858
2010,3,23,0.002385114
2010,3,24,0.018008612
2010,3,25,0.008668382
2010,3,26,-0.001349491
2010,3,29,0.001187649
2010,3,30,0.003500744
2010,3,31,0.004720026
2010,4,1,0.005656063
2010,4,2,0
2010,4,5,0.005465509
2010,4,6,-0.005412302
2010,4,7,-0.003410972
2010,4,8,-0.005460399
2010,4,9,0.003055074
2010,4,12,-0.001338796
2010,4,13,-0.001823644
2010,4,14,0.003001878
2010,4,15,-0.003162948
2010,4,16,-0.009440903
2010,4,19,-5.42E-05
2010,4,20,0.009924569
2010,4,21,0.000751113
2010,4,22,-0.00161022
2010,4,23,0.012597583
2010,4,26,-0.001539483
2010,4,27,-0.006556002
2010,4,28,0.00597144
2010,4,29,0.001646528
2010,4,30,-0.002178245
2010,5,3,0.005304489
2010,5,4,5.29E-05
2010,5,5,-0.001482344
2010,5,6,-0.010920338
2010,5,7,-0.025221676
2010,5,10,0.024417925
2010,5,11,-0.006291527
2010,5,12,0.004198747
2010,5,13,-0.005062211
2010,5,14,-0.00660855
2010,5,17,0.005311954
2010,5,18,0.000702532
2010,5,19,-0.013050047
2010,5,20,-0.019900054
2010,5,21,0.003733739
2010,5,24,0.006652647
2010,5,25,-0.008880067
2010,5,26,0.008659024
2010,5,27,0.003530843
2010,5,28,0.001650801
2010,5,31,0.0010441
2010,6,1,0.002797205
2010,6,2,0.010786181
2010,6,3,0.001407765
2010,6,4,-0.005370961
2010,6,7,-0.002341858
2010,6,8,-0.007662873
2010,6,9,0.005151543
2010,6,10,-0.002134122
2010,6,11,0.004318244
2010,6,14,0.001090275
2010,6,15,-0.00606609
2010,6,16,0.001807279
2010,6,17,-0.006312286
2010,6,18,0.000220228
2010,6,21,0.003626776
2010,6,22,-0.005665738
2010,6,23,-0.00591996
2010,6,24,-0.008694253
2010,6,25,-0.000447903
2010,6,28,-0.000504131
2010,6,29,-0.00894848
2010,6,30,0.000508661
2010,7,1,-0.016292015
2010,7,2,0.007267349
2010,7,5,0.000513011
2010,7,6,-0.003596613
2010,7,7,-0.001659941
2010,7,8,0.014558947
2010,7,9,-0.000847242
2010,7,12,0.000451952
2010,7,13,-0.005039506
2010,7,14,0.004361501
2010,7,15,-0.011539792
2010,7,16,-0.01190593
2010,7,19,0.00300422
2010,7,20,0.003972486
2010,7,21,0.00183697
2010,7,22,-0.001319981
2010,7,23,0.002580943
2010,7,26,-0.000572967
2010,7,27,0.007081697
2010,7,28,-0.00353458
2010,7,29,-0.005038371
2010,7,30,-0.005179272
2010,8,2,-0.002310537
2010,8,3,-0.007313284
2010,8,4,0.005518938
2010,8,5,-0.004820126
2010,8,6,-0.009005382
2010,8,9,0.007548972
2010,8,10,0.000815851
2010,8,11,-0.006486888
2010,8,12,0.007767596
2010,8,13,0.004701248
2010,8,16,-0.011648355
2010,8,17,0.002574305
2010,8,18,-0.002574305
2010,8,19,-0.00352113
2010,8,20,0.008080142
2010,8,23,-0.006435405
2010,8,24,-0.014126783
2010,8,25,0.00729519
2010,8,26,0.000236351
2010,8,27,0.004127121
2010,8,30,-0.003123253
2010,8,31,-0.008833089
2010,9,1,0.006942618
2010,9,2,-0.002842425
2010,9,3,0.000355745
2010,9,6,-0.001364378
2010,9,7,-0.005953816
2010,9,8,0.002207046
2010,9,9,-0.001789123
2010,9,10,0.00577331
2010,9,13,-0.005474901
2010,9,14,-0.008931039
2010,9,15,0.030769834
2010,9,16,0.000350242
2010,9,17,0.002157121
2010,9,20,-0.001223741
2010,9,21,-0.004909993
2010,9,22,-0.010011273
2010,9,23,-0.002192269
2010,9,24,-0.000890129
2010,9,27,5.94E-05
2010,9,28,-0.003508671
2010,9,29,-0.003461244
2010,9,30,-0.001196315
2010,10,1,-0.003057098
2010,10,4,0.001379848
2010,10,5,-0.004085071
2010,10,6,-0.002290123
2010,10,7,-0.006902007
2010,10,8,-0.005482804
2010,10,11,0.00274516
2010,10,12,-0.00335622
2010,10,13,0
2010,10,14,-0.005147701
2010,10,15,-0.000368709
2010,10,18,-0.002030333
2010,10,19,0.007791211
2010,10,20,-0.010937129
2010,10,21,0.003207503
2010,10,22,0.002828856
2010,10,25,-0.01018433
2010,10,26,0.008463371
2010,10,27,0.00472553
2010,10,28,-0.00904093
2010,10,29,-0.004706474
2010,11,1,0.001488649
2010,11,2,0.001672086
2010,11,3,0.007459271
2010,11,4,-0.009751358
2010,11,5,0.009014076
2010,11,8,-0.002215113
2010,11,9,-0.004321261
2010,11,10,0.023841217
2010,11,11,-0.003509837
2010,11,12,-0.001334547
2010,11,15,0.007378322
2010,11,16,0.00402899
2010,11,17,-0.002704247
2010,11,18,0.006657295
2010,11,19,-0.002214178
2010,11,22,0.000179711
2010,11,23,-0.006188622
2010,11,24,0.004929969
2010,11,25,0.002754988
2010,11,26,0.005249356
2010,11,29,0.004037531
2010,11,30,-0.007255459
2010,12,1,0.005476204
2010,12,2,-0.003627609
2010,12,3,-0.015248224
2010,12,6,-0.000241999
2010,12,7,0.005129919
2010,12,8,0.014284676
2010,12,9,-0.003686092
2010,12,10,-0.000178704
2010,12,13,-0.002923368
2010,12,14,-0.001794044
2010,12,15,0.005551093
2010,12,16,0.004039449
2010,12,17,-0.002433597
2010,12,20,-0.005422651
2010,12,21,0.000358444
2010,12,22,-0.002931062
2010,12,23,-0.004924343
2010,12,24,-0.001385584
2010,12,27,-0.000422081
2010,12,28,-0.009696458
2010,12,29,-0.000548229
2010,12,30,-0.003846041
2010,12,31,-0.007860034
2011,1,3,0.007248189
2011,1,4,0.004031278
2011,1,5,0.015544511
2011,1,6,-0.001080886
2011,1,7,-0.002948346
2011,1,10,-0.003077947
2011,1,11,0.008726321
2011,1,12,-0.001739183
2011,1,13,-0.005839345
2011,1,14,6.04E-05
2011,1,17,-0.002236259
2011,1,18,0.000665356
2011,1,19,-0.00758706
2011,1,20,0.011328992
2011,1,21,-0.004104799
2011,1,24,-0.002058735
2011,1,25,-0.001395081
2011,1,26,-0.001275472
2011,1,27,0.007628541
2011,1,28,-0.007385469
2011,1,31,-0.004384369
2011,2,1,-0.005262204
2011,2,2,0.00147131
2011,2,3,0.002447383
2011,2,4,0.001953603
2011,2,7,0.004442423
2011,2,8,-0.006151617
2011,2,9,0.007789718
2011,2,10,0.008571309
2011,2,11,0.00240125
2011,2,14,-0.000119926
2011,2,15,0.00514386
2011,2,16,0.00059641
2011,2,17,-0.00664017
2011,2,18,0.000540038
2011,2,21,-0.002282146
2011,2,22,-0.002528446
2011,2,23,-0.004652155
2011,2,24,-0.009675434
2011,2,25,-0.000428121
2011,2,28,0.002382917
2011,3,1,0.001402653
2011,3,2,-0.004642364
2011,3,3,0.008595779
2011,3,4,6.07E-05
2011,3,7,-0.004196959
2011,3,8,0.008074107
2011,3,9,0
2011,3,10,0.004283695
2011,3,11,-0.014982235
2011,3,14,-0.002018781
2011,3,15,-0.010093636
2011,3,16,-0.007824669
2011,3,17,-0.018245237
2011,3,18,0.029836156
2011,3,21,-0.000123259
2011,3,22,-0.001480294
2011,3,23,-0.000802742
2011,3,24,-0.001359956
2011,3,25,0.003704623
2011,3,28,0.007245964
2011,3,29,0.007740401
2011,3,30,0.008403665
2011,3,31,-0.002049058
2011,4,1,0.017521752
2011,4,4,-0.005289917
2011,4,5,0.007540036
2011,4,6,0.010531677
2011,4,7,-0.00275458
2011,4,8,-0.001938611
2011,4,11,-0.004183737
2011,4,12,-0.013016142
2011,4,13,0.003821356
2011,4,14,-0.008979408
2011,4,15,0.000661237
2011,4,18,-0.012030493
2011,4,19,0.003157642
2011,4,20,-0.000181901
2011,4,21,-0.008709212
2011,4,22,0
2011,4,25,0.002382772
2011,4,26,-0.00281105
2011,4,27,0.012225314
2011,4,28,-0.015228411
2011,4,29,-0.003936044
2011,5,2,-0.000863079
2011,5,3,-0.002841086
2011,5,4,-0.002291094
2011,5,5,-0.008404196
2011,5,6,0.007908133
2011,5,9,0.00130164
2011,5,10,-0.000805577
2011,5,11,0.005563813
2011,5,12,-0.004572425
2011,5,13,0.000309607
2011,5,16,0.001299304
2011,5,17,0.006901254
2011,5,18,-0.000798599
2011,5,19,0.00588237
2011,5,20,-0.002385541
2011,5,23,0.001835536
2011,5,24,0.004574155
2011,5,25,-0.002253968
2011,5,26,-0.007959875
2011,5,27,-0.004497713
2011,5,30,-0.000617703
2011,5,31,0.003946724
2011,6,1,-0.004812151
2011,6,2,0.000556431
2011,6,3,-0.004522232
2011,6,6,-0.004480406
2011,6,7,0.000997382
2011,6,8,-0.004496074
2011,6,9,0.002750002
2011,6,10,0.000998129
2011,6,13,-0.000187073
2011,6,14,0.003796961
2011,6,15,0.001862082
2011,6,16,0.000743863
2011,6,17,-0.007588517
2011,6,20,0.001933694
2011,6,21,-0.000872818
2011,6,22,-0.001123315
2011,6,23,0.005914414
2011,6,24,-0.001490869
2011,6,27,0.005702966
2011,6,28,-0.001298902
2011,6,29,0.00117527
2011,6,30,-0.001484781
2011,7,1,0.001608414
2011,7,4,-0.000989487
2011,7,5,0.002965528
2011,7,6,-0.001852424
2011,7,7,0.004316997
2011,7,8,-0.007226045
2011,7,11,-0.003539387
2011,7,12,-0.011071262
2011,7,13,-0.005866599
2011,7,14,0.002211901
2011,7,15,-0.00183237
2011,7,18,0.000695432
2011,7,19,-0.00221442
2011,7,20,-0.00095054
2011,7,21,-0.004447841
2011,7,22,-0.002039906
2011,7,25,0.000127616
2011,7,26,-0.003771539
2011,7,27,-0.001345852
2011,7,28,-0.002118577
2011,7,29,-0.007871516
2011,8,1,-0.007477035
2011,8,2,0.006893888
2011,8,3,-0.003310939
2011,8,4,0.027325156
2011,8,5,-0.006729757
2011,8,8,-0.010502146
2011,8,9,-0.004904501
2011,8,10,-0.01027384
2011,8,11,0.003653449
2011,8,12,-0.000130251
2011,8,15,-0.000977422
2011,8,16,0.000325913
2011,8,17,-0.002022377
2011,8,18,6.53E-05
2011,8,19,-0.004253516
2011,8,22,0.006862099
2011,8,23,-0.003392488
2011,8,24,0.002806149
2011,8,25,0.009404966
2011,8,26,-0.007712037
2011,8,29,0.001690068
2011,8,30,-0.00325267
2011,8,31,-0.003459421
2011,9,1,0.006647141
2011,9,2,-0.002731709
2011,9,5,0.002601797
2011,9,6,0.001882079
2011,9,7,0.002719504
2011,9,8,0.000517163
2011,9,9,0.004964069
2011,9,12,-0.009693129
2011,9,13,-0.001559657
2011,9,14,-0.002083334
2011,9,15,-0.000456308
2011,9,16,0.002474604
2011,9,19,-0.006132587
2011,9,20,0.000588793
2011,9,21,-0.00039249
2011,9,22,-0.001440451
2011,9,23,-0.000655437
2011,9,26,0.001572327
2011,9,27,0.003593953
2011,9,28,-0.003004967
2011,9,29,0.00541547
2011,9,30,0.003118506
2011,10,3,-0.005594238
2011,10,4,0.000782473
2011,10,5,0.003123782
2011,10,6,-0.003254152
2011,10,7,0.000781963
2011,10,10,-0.000390905
2011,10,11,-0.000391058
2011,10,12,0.008309578
2011,10,13,-0.006681178
2011,10,14,0.007004374
2011,10,17,-0.008372051
2011,10,18,0.0004561
2011,10,19,0.000325659
2011,10,20,0.001171494
2011,10,21,-0.009673278
2011,10,24,-0.000262743
2011,10,25,-0.004477226
2011,10,26,0.002899317
2011,10,27,-0.001975895
2011,10,28,-0.001055409
2011,10,31,0.028817814
2011,11,1,0.00390388
2011,11,2,-0.003006559
2011,11,3,-0.0008332
2011,11,4,0.002561477
2011,11,7,-0.001920492
2011,11,8,-0.003852085
2011,11,9,6.43E-05
2011,11,10,-0.002769639
2011,11,11,-0.005821868
2011,11,14,-0.00155824
2011,11,15,0
2011,11,16,0
2011,11,17,0.000454737
2011,11,18,-0.001104721
2011,11,21,0.001039771
2011,11,22,0.001038691
2011,11,23,0.005370964
2011,11,24,-0.00472233
2011,11,25,0.00736485
2011,11,28,0.005648282
2011,11,29,-0.00404041
2011,11,30,-0.002251746
2011,12,1,0.001029999
2011,12,2,0.003083646
2011,12,5,-0.001669128
2011,12,6,-0.000771307
2011,12,7,-0.000385877
2011,12,8,-0.002834323
2011,12,9,0.001418166
2011,12,12,0.002444832
2011,12,13,0.000449713
2011,12,14,0.003398419
2011,12,15,-0.001858082
2011,12,16,-0.003276059
2011,12,19,0.002955351
2011,12,20,-0.002569374
2011,12,21,0.003018337
2011,12,22,0.001473745
2011,12,23,0.000128049
2011,12,26,0
2011,12,27,-0.003334619
2011,12,28,0.001283862
2011,12,29,-0.002762344
2011,12,30,-0.010151059
2012,1,2,0
2012,1,3,-0.002472511
2012,1,4,-0.000130302
2012,1,5,0.004809889
2012,1,6,6.48E-05
2012,1,9,-0.003442344
2012,1,10,-0.000715936
2012,1,11,0.001626387
2012,1,12,-0.00214739
2012,1,13,0.002927117
2012,1,16,-0.00351357
2012,1,17,0.001302762
2012,1,18,-0.0001302
2012,1,19,0.00350946
2012,1,20,0.000648551
2012,1,23,-0.001427367
2012,1,24,0.009048666
2012,1,25,0.00660534
2012,1,26,-0.011765976
2012,1,27,-0.007465386
2012,1,30,-0.00450613
2012,1,31,-0.001834382
2012,2,1,-0.00157501
2012,2,2,0.000262674
2012,2,3,0.005696156
2012,2,6,0.000195842
2012,2,7,0.003648688
2012,2,8,0.00019509
2012,2,9,0.005447131
2012,2,10,0.004194772
2012,2,13,-0.002966787
2012,2,14,0.013026783
2012,2,15,-0.001148252
2012,2,16,0.00642598
2012,2,17,0.006573981
2012,2,20,0.001385129
2012,2,21,0.00351715
2012,2,22,0.007121914
2012,2,23,-0.001557487
2012,2,24,0.006091516
2012,2,27,-0.002792518
2012,2,28,0.000683336
2012,2,29,0.005264637
2012,3,1,0.000494071
2012,3,2,0.007014118
2012,3,5,-0.001718213
2012,3,6,-0.008325929
2012,3,7,0.001237854
2012,3,8,0.006965233
2012,3,9,0.011663898
2012,3,12,-0.00164059
2012,3,13,0.005458198
2012,3,14,0.013397215
2012,3,15,-0.0059255
2012,3,16,0.000600132
2012,3,19,-0.000480077
2012,3,20,0.003893969
2012,3,21,5.98E-05
2012,3,22,-0.013664622
2012,3,23,-0.001759229
2012,3,26,0.005811858
2012,3,27,0.003735619
2012,3,28,-0.003011506
2012,3,29,-0.00769025
2012,3,30,0.000486174
2012,4,2,-0.003103419
2012,4,3,0.002617245
2012,4,4,0.002489149
2012,4,5,-0.001092034
2012,4,6,0
2012,4,9,-0.011968878
2012,4,10,-0.00591499
2012,4,11,0.001049999
2012,4,12,-0.0011736
2012,4,13,0.000926641
2012,4,16,-0.007375076
2012,4,17,0.00484022
2012,4,18,0.006663401
2012,4,19,0.002886005
2012,4,20,0.000735519
2012,4,23,-0.006515882
2012,4,24,0.000924642
2012,4,25,0.003198822
2012,4,26,-0.00764492
2012,4,27,-0.004217322
2012,4,30,-0.007548618
2012,5,1,0.003999755
2012,5,2,0.000187097
2012,5,3,0.002491282
2012,5,4,-0.00623988
2012,5,7,0.000500626
2012,5,8,-0.001815962
2012,5,9,-0.002824417
2012,5,10,0.005015684
2012,5,11,-0.000875931
2012,5,14,-0.000814052
2012,5,15,0.003689234
2012,5,16,0.003053628
2012,5,17,-0.010194278
2012,5,18,-0.003526452
2012,5,21,0.001134859
2012,5,22,0.007032554
2012,5,23,-0.008545986
2012,5,24,0.002332252
2012,5,25,0.002326826
2012,5,28,-0.001445768
2012,5,29,6.29E-05
2012,5,30,-0.006816487
2012,5,31,-0.006799505
2012,6,1,-0.00376913
2012,6,4,0.002046037
2012,6,5,0.004906187
2012,6,6,0.005261669
2012,6,7,0.006177139
2012,6,8,0.00056538
2012,6,11,-0.002452292
2012,6,12,0.001069687
2012,6,13,-0.001132645
2012,6,14,-0.001890598
2012,6,15,-0.006772392
2012,6,18,0.002283685
2012,6,19,0.001519565
2012,6,20,0.004166936
2012,6,21,0.011463777
2012,6,22,0.002736831
2012,6,25,-0.011055358
2012,6,26,-0.00182304
2012,6,27,0.003705453
2012,6,28,-0.005657902
2012,6,29,0.006033959
2012,7,2,-0.005655768
2012,7,3,0.006657898
2012,7,4,-0.000939467
2012,7,5,0.001940593
2012,7,6,-0.00526713
2012,7,9,0.000942596
2012,7,10,-0.001697313
2012,7,11,0.002387986
2012,7,12,-0.005160165
2012,7,13,-0.000504859
2012,7,16,-0.005951268
2012,7,17,0.003233274
2012,7,18,-0.001520238
2012,7,19,-0.003111015
2012,7,20,-0.000826998
2012,7,23,-0.00210238
2012,7,24,-0.002298558
2012,7,25,0
2012,7,26,0.000255656
2012,7,27,0.00497228
2012,7,30,-0.005611544
2012,7,31,-0.001151705
2012,8,1,0.001790969
2012,8,2,-0.000319581
2012,8,3,0.004846639
2012,8,6,-0.004527058
2012,8,7,0.005353741
2012,8,8,-0.003821174
2012,8,9,0.00401185
2012,8,10,-0.006183681
2012,8,13,0.001661236
2012,8,14,0.005983087
2012,8,15,0.000888043
2012,8,16,0.005122541
2012,8,17,0.003211893
2012,8,20,-0.001888099
2012,8,21,0
2012,8,22,-0.00151305
2012,8,23,-0.01103862
2012,8,24,0.003438837
2012,8,27,0.0001907
2012,8,28,-0.002099705
2012,8,29,0.003052661
2012,8,30,-0.002415921
2012,8,31,-0.003187762
2012,9,3,-0.000510986
2012,9,4,0.001659751
2012,9,5,-0.000957213
2012,9,6,0.008328878
2012,9,7,-0.011590272
2012,9,10,0.002942119
2012,9,11,-0.00627845
2012,9,12,0.000899338
2012,9,13,-0.005537327
2012,9,14,0.011363394
2012,9,17,0.006236497
2012,9,18,-0.002604416
2012,9,19,-0.00433453
2012,9,20,-0.000319458
2012,9,21,-0.001086922
2012,9,24,-0.003653031
2012,9,25,6.42E-05
2012,9,26,-0.001284852
2012,9,27,-0.001093423
2012,9,28,0.001350526
2012,10,1,0.003336331
2012,10,2,-0.000256246
2012,10,3,0.006259202
2012,10,4,-0.001019238
2012,10,5,0.003118142
2012,10,8,-0.006821613
2012,10,9,0.000319806
2012,10,10,0.001725185
2012,10,11,0.002423007
2012,10,12,-0.001976222
2012,10,15,0.005155471
2012,10,16,0.001775974
2012,10,17,-0.002156951
2012,10,18,0.006456945
2012,10,19,0.001765226
2012,10,22,0.005527652
2012,10,23,-0.000501253
2012,10,24,0.000563892
2012,10,25,0.004250272
2012,10,26,-0.007575557
2012,10,29,0.003200003
2012,10,30,-0.002948652
2012,10,31,0.004388447
2012,11,1,0.002623854
2012,11,2,0.004854681
2012,11,5,-0.00441804
2012,11,6,0.001433335
2012,11,7,-0.005244767
2012,11,8,-0.000500939
2012,11,9,-0.004771481
2012,11,12,-0.000377667
2012,11,13,0.000251794
2012,11,14,0.009770841
2012,11,15,0.010910101
2012,11,16,0.002093984
2012,11,19,-0.001662511
2012,11,20,0.007429044
2012,11,21,0.007859903
2012,11,22,0.001940218
2012,11,23,-0.002122306
2012,11,26,-0.003039701
2012,11,27,0.0012778
2012,11,28,-0.004876572
2012,11,29,0.004024887
2012,11,30,0.003826884
2012,12,3,-0.00224576
2012,12,4,-0.00572823
2012,12,5,0.00572823
2012,12,6,0.000789626
2012,12,7,0.000242836
2012,12,10,-0.000364277
2012,12,11,0.000607054
2012,12,12,0.006532808
2012,12,13,0.008166252
2012,12,14,-0.001316498
2012,12,17,0.003108935
2012,12,18,0.002682645
2012,12,19,0.003269045
2012,12,20,0.001541655
2012,12,21,-0.00320456
2012,12,24,0.007992228
2012,12,25,0
2012,12,26,0.010266127
2012,12,27,0.002972117
2012,12,28,0.001976515
2012,12,31,0.00428837
2013,1,1,0
2013,1,2,0.008120527
2013,1,3,-0.00379289
2013,1,4,0.013723912
2013,1,7,-0.003527341
2013,1,8,-0.00686266
2013,1,9,0.008172642
2013,1,10,0.004033065
2013,1,11,0.009927879
2013,1,14,0.001906578
2013,1,15,-0.006745388
2013,1,16,-0.001749979
2013,1,17,0.01028648
2013,1,18,0.006021428
2013,1,21,-0.001724666
2013,1,22,-0.014074867
2013,1,23,0
2013,1,24,0.016355243
2013,1,25,0.010830032
2013,1,28,-0.00379925
2013,1,29,0.000165485
2013,1,30,0.0045676
2013,1,31,0.002139038
2013,2,1,0.014684552
2013,2,4,0.000917407
2013,2,5,0.007523277
2013,2,6,0.001604793
2013,2,7,-0.003587592
2013,2,8,-0.005109049
2013,2,11,0.007466529
2013,2,12,-0.004021777
2013,2,13,0.004342821
2013,2,14,-0.004289091
2013,2,15,0.008027014
2013,2,18,0.001916933
2013,2,19,-0.005013076
2013,2,20,0.001816143
2013,2,21,-0.008575463
2013,2,22,0.003546294
2013,2,25,0.006202565
2013,2,26,-0.022697004
2013,2,27,-0.000981997
2013,2,28,0.007124823
2013,3,1,0.01276235
2013,3,4,-0.001874515
2013,3,5,0.000857357
2013,3,6,0.001819447
2013,3,7,0.012169027
2013,3,8,0.015929077
2013,3,11,-0.000676009
2013,3,12,-0.001353391
2013,3,13,0.000208333
2013,3,14,0.001145058
2013,3,15,-0.010668441
2013,3,18,-0.002157952
2013,3,19,-0.000474321
2013,3,20,0.006881906
2013,3,21,-0.004722931
2013,3,22,-0.005961663
2013,3,25,-0.001588731
2013,3,26,-0.001272805
2013,3,27,0.001590753
2013,3,28,-0.0037157
2013,3,29,0
2013,4,1,-0.008116234
2013,4,2,0.002249238
2013,4,3,-0.006547547
2013,4,4,0.037101967
2013,4,5,0.008267072
2013,4,8,0.017495537
2013,4,9,0.001212795
2013,4,10,0.00503754
2013,4,11,0.000452136
2013,4,12,-0.008169898
2013,4,15,-0.007930901
2013,4,16,-0.002299498
2013,4,17,-0.001535941
2013,4,18,0.006536972
2013,4,19,0.010280393
2013,4,22,0.000503702
2013,4,23,0.000704757
2013,4,24,0.000150955
2013,4,25,0.001156564
2013,4,26,-0.018360307
2013,4,29,0.004800091
2013,4,30,-0.007568046
2013,5,1,-0.000667505
2013,5,2,0.00691017
2013,5,3,0.009342066
2013,5,6,0.003732665
2013,5,7,-0.002369132
2013,5,8,-0.002577126
2013,5,9,0.004895909
2013,5,10,0.024617699
2013,5,13,-0.000343938
2013,5,14,0.002846209
2013,5,15,0.003814932
2013,5,16,-0.004550244
2013,5,17,0.009905661
2013,5,20,-0.004964963
2013,5,21,0.00078045
2013,5,22,0.009318194
2013,5,23,-0.020201721
2013,5,24,-0.002467675
2013,5,27,-0.001087709
2013,5,28,0.012535497
2013,5,29,-0.014119734
2013,5,30,9.91E-05
2013,5,31,0.000495295
2013,6,3,-0.014062264
2013,6,4,0.005808439
2013,6,5,-0.008876466
2013,6,6,-0.008955963
2013,6,7,-0.010114512
2013,6,10,0.017860798
2013,6,11,-0.023266356
2013,6,12,-0.012100586
2013,6,13,-0.015480511
2013,6,14,0.003813362
2013,6,17,0.002270508
2013,6,18,0.008351108
2013,6,19,-0.006190996
2013,6,20,0.031904928
2013,6,21,-0.006238515
2013,6,24,0.001025378
2013,6,25,0.001638421
2013,6,26,-0.003074245
2013,6,27,0.011023332
2013,6,28,0.008289155
2013,7,1,0.004118953
2013,7,2,0.006595078
2013,7,3,-0.007096482
2013,7,4,0.003304629
2013,7,5,0.008759325
2013,7,8,0.001782267
2013,7,9,-0.000197873
2013,7,10,-0.009544239
2013,7,11,-0.013729502
2013,7,12,0.006913458
2013,7,15,0.004515813
2013,7,16,-0.005924902
2013,7,17,0.004722678
2013,7,18,0.008683556
2013,7,19,-0.002288331
2013,7,22,-0.009507678
2013,7,23,0.003212693
2013,7,24,0.004001406
2013,7,25,-0.005455879
2013,7,26,-0.015069817
2013,7,29,-0.001580786
2013,7,30,0.000816202
2013,7,31,0.003054837
2013,8,1,0.008806616
2013,8,2,-0.004646708
2013,8,5,-0.001773454
2013,8,6,-0.010041115
2013,8,7,-0.010505272
2013,8,8,-0.007169607
2013,8,9,0.003747077
2013,8,12,0.003215437
2013,8,13,0.016738941
2013,8,14,-0.001426752
2013,8,15,-0.00224616
2013,8,16,-0.002661073
2013,8,19,0.004091031
2013,8,20,-0.008559107
2013,8,21,0.005594779
2013,8,22,0.009373954
2013,8,23,-0.001370037
2013,8,26,0.000659882
2013,8,27,-0.013589665
2013,8,28,0.005130584
2013,8,29,0.007443697
2013,8,30,-0.003256172
2013,9,2,0.012559035
2013,9,3,0.004518987
2013,9,4,-0.002708941
2013,9,5,0.005010784
2013,9,6,-0.011158137
2013,9,9,0.006549142
2013,9,10,0.008500051
2013,9,11,-0.004391006
2013,9,12,-0.00878983
2013,9,13,0.002267632
2013,9,16,-0.005501591
2013,9,17,0.005602256
2013,9,18,-0.004085035
2013,9,19,0.005392751
2013,9,20,0.001506781
2013,9,23,-0.009378851
2013,9,24,-0.000202665
2013,9,25,0.000152003
2013,9,26,0.002681577
2013,9,27,-0.007099061
2013,9,30,-0.001323964
2013,10,1,-0.00025481
2013,10,2,-0.00849675
2013,10,3,0.000205592
2013,10,4,-0.001594445
2013,10,7,-0.001030025
2013,10,8,-0.000876356
2013,10,9,0.002523888
2013,10,10,0.009166155
2013,10,11,0.002189466
2013,10,14,-0.00193463
2013,10,15,0.00488029
2013,10,16,0.002734733
2013,10,17,-0.011188643
2013,10,18,0
2013,10,21,0.003879337
2013,10,22,0.000101885
2013,10,23,-0.008851653
2013,10,24,0.000873295
2013,10,25,-0.0003595
2013,10,28,0.003793904
2013,10,29,0.003881517
2013,10,30,0.000560552
2013,10,31,-0.000356679
2013,11,1,0.006805857
2013,11,4,-0.001773185
2013,11,5,-0.000608674
2013,11,6,0.001064936
2013,11,7,0.00399606
2013,11,8,0.000353312
2013,11,11,0.001613554
2013,11,12,0.003169096
2013,11,13,-0.001407248
2013,11,14,0.005216967
2013,11,15,0.003496158
2013,11,18,-0.002496008
2013,11,19,0.001697963
2013,11,20,-0.002848222
2013,11,21,0.011196096
2013,11,22,0.00197736
2013,11,25,0.004483981
2013,11,26,-0.002954212
2013,11,27,0.006928604
2013,11,28,0.001076742
2013,11,29,0.001466419
2013,12,2,0.006038489
2013,12,3,-0.005257277
2013,12,4,0.002047782
2013,12,5,-0.005910962
2013,12,6,0.006397912
2013,12,9,0.003984069
2013,12,10,-0.002233011
2013,12,11,-0.004090583
2013,12,12,0.0054504
2013,12,13,0.001115611
2013,12,16,-0.001261218
2013,12,17,-0.002721884
2013,12,18,0.004613114
2013,12,19,0.009882694
2013,12,20,-0.001296052
2013,12,23,-0.000961123
2013,12,24,0.002784715
2013,12,25,0
2013,12,26,0.003971582
2013,12,27,0.002623109
2013,12,30,0.000571401
2013,12,31,0.000666223
2014,1,1,0
2014,1,2,-0.000761433
2014,1,3,-0.005250609
2014,1,6,0.000478469
2014,1,7,0.001242949
2014,1,8,0.00171846
2014,1,9,-0.000477054
2014,1,10,-0.006126473
2014,1,13,-0.007517745
2014,1,14,0.002270916
2014,1,15,0.008410479
2014,1,16,-0.002251876
2014,1,17,0.000287756
2014,1,20,-0.002256308
2014,1,21,0.002400155
2014,1,22,-0.000383638
2014,1,23,-0.005579352
2014,1,24,-0.012717383
2014,1,27,0.000781288
2014,1,28,0.003459621
2014,1,29,-0.005267277
2014,1,30,0.004537368
2014,1,31,-0.007132419
2014,2,3,-0.007183656
2014,2,4,0.001381693
2014,2,5,-0.001925023
2014,2,6,0.006500565
2014,2,7,0.003479117
2014,2,10,-0.001860557
2014,2,11,0.0034735
2014,2,12,0.001512823
2014,2,13,-0.00361505
2014,2,14,-0.002940746
2014,2,17,0.0003926
2014,2,18,0.004406156
2014,2,19,-0.001368725
2014,2,20,0.000977852
2014,2,21,0.00351237
2014,2,24,-0.002193785
2014,2,25,-0.002638911
2014,2,26,0.000978187
2014,2,27,-0.001908351
2014,2,28,-0.000195934
2014,3,3,-0.006191666
2014,3,4,0.006877268
2014,3,5,0.001907417
2014,3,6,0.007351006
2014,3,7,0.00232547
2014,3,10,-0.000871418
2014,3,11,-0.000484449
2014,3,12,-0.004467979
2014,3,13,-0.005809003
2014,3,14,-0.0065326
2014,3,17,0.001624856
2014,3,18,-0.002610903
2014,3,19,0.001823424
2014,3,20,0.008286595
2014,3,21,-0.000146502
2014,3,24,-0.001417296
2014,3,25,0.000831072
2014,3,26,-9.77E-05
2014,3,27,-0.001711952
2014,3,28,0.0077051
2014,3,31,0.000582779
2014,4,1,0.005712641
2014,4,2,0.001398973
2014,4,3,0.001637686
2014,4,4,-0.003036659
2014,4,7,-0.004354143
2014,4,8,-0.009891181
2014,4,9,-0.002549521
2014,4,10,-0.003245319
2014,4,11,0.001181335
2014,4,14,0.002063984
2014,4,15,-0.002014792
2014,4,16,0.006178913
2014,4,17,-9.78E-05
2014,4,18,0
2014,4,21,0.002978009
2014,4,22,0.00029244
2014,4,23,-0.002097715
2014,4,24,-0.001466133
2014,4,25,-0.001958193
2014,4,28,0.00542457
2014,4,29,-0.000389978
2014,4,30,-0.003908163
2014,5,1,0.001174054
2014,5,2,-0.000244481
2014,5,5,-0.001272265
2014,5,6,-0.005499106
2014,5,7,0.001574261
2014,5,8,-0.001082038
2014,5,9,0.00103288
2014,5,12,0.003974003
2014,5,13,0.001076637
2014,5,14,-0.004117047
2014,5,15,-0.002261777
2014,5,16,-0.00113281
2014,5,19,-0.002862362
2014,5,20,0.001728267
2014,5,21,0.001478998
2014,5,22,0.001673558
2014,5,23,0.001572559
2014,5,26,0.000490918
2014,5,27,0.001912281
2014,5,28,-0.003090889
2014,5,29,-0.002065913
2014,5,30,0.001967633
2014,6,2,0.004217346
2014,6,3,0.002492609
2014,6,4,0.002048082
2014,6,5,-0.001608854
2014,6,6,0.000829127
2014,6,9,-4.88E-05
2014,6,10,-0.0014637
2014,6,11,-0.004796407
2014,6,12,-0.000981692
2014,6,13,0.002746311
2014,6,16,-0.002059026
2014,6,17,0.002793366
2014,6,18,-0.000342625
2014,6,19,-0.003187136
2014,6,20,0.003382937
2014,6,23,-0.002597468
2014,6,24,0.002499572
2014,6,25,-0.003285041
2014,6,26,-0.002507807
2014,6,27,-0.001774011
2014,6,30,-0.000690744
2014,7,1,0.002169305
2014,7,2,0.002312026
2014,7,3,0.004265653
2014,7,4,-0.001174916
2014,7,7,-0.002255788
2014,7,8,-0.002900762
2014,7,9,0.001328512
2014,7,10,-0.00389211
2014,7,11,0.000148079
2014,7,14,0.002661673
2014,7,15,0.001131528
2014,7,16,-0.000196696
2014,7,17,-0.001180986
2014,7,18,-0.001527508
2014,7,21,-0.000690608
2014,7,22,0.001725626
2014,7,23,0.000295523
2014,7,24,0.002508424
2014,7,25,0.000343803
2014,7,28,-0.000392927
2014,7,29,0.0035308
2014,7,30,0.006489569
2014,7,31,0.000291772
2014,8,1,-0.003506896
2014,8,4,-0.000195189
2014,8,5,0.003702084
2014,8,6,-0.004580905
2014,8,7,-0.001857828
2014,8,8,-0.00323498
2014,8,11,0.00264758
2014,8,12,0.000685267
2014,8,13,0.001808805
2014,8,14,0.00063475
2014,8,15,-0.000781288
2014,8,18,0.001952077
2014,8,19,0.002629274
2014,8,20,0.004802454
2014,8,21,0.004490483
2014,8,22,0.002982492
2014,8,25,-0.001345831
2014,8,26,0.000721206
2014,8,27,-0.001009834
2014,8,28,-0.001637134
2014,8,29,0.001252167
2014,9,1,0.00345938
2014,9,2,0.008453782
2014,9,3,-0.001904218
2014,9,4,0.001761528
2014,9,5,-0.002190477
2014,9,8,0.004755799
2014,9,9,0.007939175
2014,9,10,0.004274213
2014,9,11,0.001358282
2014,9,12,0.005042263
2014,9,15,-0.001211557
2014,9,16,-0.000466374
2014,9,17,0.002794989
2014,9,18,0.010688361
2014,9,19,0.003170594
2014,9,22,9.18E-05
2014,9,23,-0.001193427
2014,9,24,-0.000643205
2014,9,25,-0.000735598
2014,9,26,0.004542855
2014,9,29,0.001281113
2014,9,30,0.00315004
2014,10,1,-0.001048911
2014,10,2,-0.009950787
2014,10,3,0.01154652
2014,10,6,-0.00529851
2014,10,7,-0.007816132
2014,10,8,-0.000415503
2014,10,9,-0.003422918
2014,10,10,4.63E-05
2014,10,13,-0.00520278
2014,10,14,-0.002798379
2014,10,15,-0.007924455
2014,10,16,-0.001083347
2014,10,17,0.005358163
2014,10,20,0.002153962
2014,10,21,-0.001779027
2014,10,22,0.004861413
2014,10,23,0.008543489
2014,10,24,0.00018492
2014,10,27,-0.004168989
2014,10,28,0.002781256
2014,10,29,0.000925369
2014,10,30,0.007739478
2014,10,31,0.028500979
2014,11,3,0.018427796
2014,11,4,-0.007868691
2014,11,5,0.010579787
2014,11,6,0.001875969
2014,11,7,0.002220433
2014,11,10,-0.002787215
2014,11,11,0.010196422
2014,11,12,-0.005801384
2014,11,13,0.005455976
2014,11,14,0.006113331
2014,11,17,-0.000343421
2014,11,18,0.001544468
2014,11,19,0.009132094
2014,11,20,0.003731189
2014,11,21,-0.004921312
2014,11,24,0.00703512
2014,11,25,-0.004571437
2014,11,26,-0.002548746
2014,11,27,0.002209288
2014,11,28,0.007357327
2014,12,1,-0.003122365
2014,12,2,0.006822803
2014,12,3,0.00443924
2014,12,4,0.000584844
2014,12,5,0.014016983
2014,12,8,-0.004209316
2014,12,9,-0.016133753
2014,12,10,-0.001556224
2014,12,11,0.005415289
2014,12,12,-0.00743779
2014,12,15,-0.001266143
2014,12,16,-0.010101953
2014,12,17,0.001704958
2014,12,18,0.012190627
2014,12,19,0.004910303
2014,12,22,0.004011036
2014,12,23,0.006525241
2014,12,24,-0.001658444
2014,12,25,0
2014,12,26,-0.000332019
2014,12,29,0.000995727
2014,12,30,-0.010002167
2014,12,31,0.004346561
2015,1,1,0
2015,1,2,0.002582259
2015,1,5,-0.005087584
2015,1,6,-0.007385372
2015,1,7,0.006214069
2015,1,8,0.001840004
2015,1,9,-0.00679134
2015,1,12,-0.001852554
2015,1,13,-0.001180687
2015,1,14,-0.013679058
2015,1,15,-0.000256674
2015,1,16,0.006524683
2015,1,19,-0.00068033
2015,1,20,0.006740313
2015,1,21,-0.004912974
2015,1,22,0.001315315
2015,1,23,-0.000805956
2015,1,26,0.005163814
2015,1,27,-0.007968507
2015,1,28,0.00212549
2015,1,29,0.002714051
2015,1,30,-0.005094903
2015,2,2,-0.001746725
2015,2,3,0.002257385
2015,2,4,-8.51E-05
2015,2,5,-0.000383003
2015,2,6,0.013108564
2015,2,9,-0.003745874
2015,2,10,0.00588608
2015,2,11,0.009221655
2015,2,12,-0.01161395
2015,2,13,-0.002650792
2015,2,16,-0.001686697
2015,2,17,0.004295467
2015,2,18,0.001343804
2015,2,19,-0.00117573
2015,2,20,-0.002060859
2015,2,23,0.001136101
2015,2,24,0.002687835
2015,2,25,-0.003108463
2015,2,26,0.004365903
2015,2,27,0.001506844
2015,3,2,0.004923241
2015,3,3,-0.004588695
2015,3,4,0.000668757
2015,3,5,0.004211235
2015,3,6,0.008080768
2015,3,9,0.000577653
2015,3,10,8.25E-05
2015,3,11,0.002224787
2015,3,12,-0.001812416
2015,3,13,-0.000742391
2015,3,16,0.000989732
2015,3,17,-0.000164887
2015,3,18,-0.003138035
2015,3,19,0.000248098
2015,3,20,-0.005597146
2015,3,23,-0.004124576
2015,3,24,0.001335058
2015,3,25,-0.004680522
2015,3,26,-0.002810463
2015,3,27,0.001091566
2015,3,30,0.006982947
2015,3,31,-0.000583528
2015,4,1,-0.002462901
2015,4,2,0.000960836
2015,4,3,0
2015,4,6,-0.00640907
2015,4,7,0.011157892
2015,4,8,-0.002871592
2015,4,9,0.003037808
2015,4,10,-0.001080901
2015,4,13,0.001330174
2015,4,14,-0.010187554
2015,4,15,0.001342001
2015,4,16,0.000251425
2015,4,17,-0.002265102
2015,4,20,0.001594495
2015,4,21,0.002386986
2015,4,22,0.002631635
2015,4,23,-0.001586507
2015,4,24,-0.005614697
2015,4,27,0.001259763
2015,4,28,-0.002731496
2015,4,29,0.001135527
2015,4,30,0.005992684
2015,5,1,0.003711663
2015,5,4,0.000332959
2015,5,5,-0.001249167
2015,5,6,-0.00526361
2015,5,7,0.000921042
2015,5,8,0.002340649
2015,5,11,0.00141844
2015,5,12,-0.000375274
2015,5,13,-0.006569199
2015,5,14,0.001007007
2015,5,15,0.000628865
2015,5,18,0.004557912
2015,5,19,0.007150311
2015,5,20,0.004133775
2015,5,21,-0.000412609
2015,5,22,0.002431938
2015,5,25,0
2015,5,26,0.01329127
2015,5,27,0.005671476
2015,5,28,0.003709532
2015,5,29,-0.001127532
2015,6,1,0.003298474
2015,6,2,-0.003217894
2015,6,3,0.000322256
2015,6,4,0.002895638
2015,6,5,0.009114594
2015,6,8,-0.002430425
2015,6,9,-0.007648451
2015,6,10,-0.013843012
2015,6,11,0.008037715
2015,6,12,-0.003118106
2015,6,15,0.00170199
2015,6,16,-0.000445479
2015,6,17,0.006580963
2015,6,18,-0.010233268
2015,6,19,-0.001831167
2015,6,22,0.003699567
2015,6,23,0.005422919
2015,6,24,0.003666033
2015,6,25,-0.005200891
2015,6,26,0.002099738
2015,6,29,-0.010461534
2015,6,30,-0.002448681
2015,7,1,0.004728719
2015,7,2,0.00097557
2015,7,3,-0.002766591
2015,7,6,-0.000570544
2015,7,7,-0.003675574
2015,7,8,-0.009454975
2015,7,9,0.002227908
2015,7,10,0.0111472
2015,7,13,0.006256622
2015,7,14,-0.000243033
2015,7,15,0.00412355
2015,7,16,0.000887168
2015,7,17,-0.000645135
2015,7,20,0.002336638
2015,7,21,-0.003426248
2015,7,22,0.001734746
2015,7,23,-8.06E-05
2015,7,24,-0.002664085
2015,7,27,-0.004740209
2015,7,28,0.003931508
2015,7,29,0.001737901
2015,7,30,0.004150638
2015,7,31,-0.003545103
2015,8,3,0.000484164
2015,8,4,-0.000201706
2015,8,5,0.008556846
2015,8,6,-0.002242602
2015,8,7,-0.003292911
2015,8,10,0.001768276
2015,8,11,0.002566469
2015,8,12,-0.007799975
2015,8,13,0.004590859
2015,8,14,-0.001206079
2015,8,17,0.000643423
2015,8,18,0.000321556
2015,8,19,-0.001166134
2015,8,20,-0.005203828
2015,8,21,-0.009754192
2015,8,24,-0.030562369
2015,8,25,0.009763534
2015,8,26,-0.006106761
2015,8,27,0.012673701
2015,8,28,0.002565165
2015,8,31,0.001486437
2015,9,1,-0.01086877
2015,9,2,0.002416265
2015,9,3,0.000914989
2015,9,4,-0.00910388
2015,9,7,0.001341551
2015,9,8,0.003387778
2015,9,9,0.010095011
2015,9,10,-0.001240798
2015,9,11,-0.001822626
2015,9,14,-0.004404561
2015,9,15,0.001165356
2015,9,16,0.002741549
2015,9,17,0.003064946
2015,9,18,-0.007888441
2015,9,21,0.004740528
2015,9,22,-0.004073833
2015,9,23,0.003824891
2015,9,24,-0.009925019
2015,9,25,0.012577211
2015,9,28,-0.007685794
2015,9,29,0.000291892
2015,9,30,-0.001335058
2015,10,1,-0.001002464
2015,10,2,-0.003516561
2015,10,5,0.008851463
2015,10,6,-0.000831705
2015,10,7,-0.001748835
2015,10,8,-0.000958993
2015,10,9,0.003788908
2015,10,12,-0.003330145
2015,10,13,-0.000417049
2015,10,14,-0.005102052
2015,10,15,-0.006224523
2015,10,16,0.005721273
2015,10,19,0.002346337
2015,10,20,0.003676014
2015,10,21,0.000333514
2015,10,22,0.00341212
2015,10,23,0.006376833
2015,10,26,-0.001817807
2015,10,27,-0.005016074
2015,10,28,0.00199286
2015,10,29,0.004882297
2015,10,30,-0.00384592
2015,11,2,-0.000165748
2015,11,3,0.004135484
2015,11,4,0.003542889
2015,11,5,-0.000123378
2015,11,6,0.01311588
2015,11,9,0.00089264
2015,11,10,-0.000162239
2015,11,11,-0.002884129
2015,11,12,0.00020338
2015,11,13,-0.000976602
2015,11,16,0.002196016
2015,11,17,0.003001544
2015,11,18,0.001012002
2015,11,19,-0.006290988
2015,11,20,-0.000162873
2015,11,23,0.001383576
2015,11,24,-0.004074819
2015,11,25,0.003423963
2015,11,26,-0.00260767
2015,11,27,0.00171205
2015,11,30,0.004186232
2015,12,1,-0.003290613
2015,12,2,0.004790137
2015,12,3,-0.002351607
2015,12,4,-0.000487231
2015,12,7,0.001177068
2015,12,8,-0.002721532
2015,12,9,-0.006815936
2015,12,10,-0.004597332
2015,12,11,-0.004494575
2015,12,14,-0.002192757
2015,12,15,0.008290588
2015,12,16,0.000821187
2015,12,17,0.006952993
2015,12,18,-0.00950087
2015,12,21,-0.003379774
2015,12,22,-0.00169418
2015,12,23,0.000785465
2015,12,24,-0.005885296
2015,12,25,0
2015,12,28,0.000166258
2015,12,29,0.001453579
2015,12,30,0.000746733
2015,12,31,-0.002283438
2016,1,1,0
2016,1,4,-0.008431472
2016,1,5,-0.001132384
2016,1,6,-0.004247362
2016,1,7,-0.004519448
2016,1,8,-0.003264997
2016,1,11,-0.003147867
2016,1,12,0.005014885
2016,1,13,0.002963091
2016,1,14,-0.001776801
2016,1,15,-0.010385282
2016,1,18,0.004524895
2016,1,19,0.003316612
2016,1,20,-0.013074874
2016,1,21,0.008991326
2016,1,22,0.010177773
2016,1,25,0.000674849
2016,1,26,-0.001350154
2016,1,27,0.00261427
2016,1,28,-0.000336941
2016,1,29,0.019770414
2016,2,1,-0.000330456
2016,2,2,-0.006382648
2016,2,3,-0.01905699
2016,2,4,-0.007230382
2016,2,5,-0.001024984
2016,2,8,-0.012382462
2016,2,9,-0.007512466
2016,2,10,-0.001614065
2016,2,11,-0.023410963
2016,2,12,0.007790802
2016,2,15,0.015401845
2016,2,16,-0.006088366
2016,2,17,0.004121367
2016,2,18,-0.005792284
2016,2,19,-0.007420857
2016,2,22,0.001771872
2016,2,23,-0.007998265
2016,2,24,-0.008062754
2016,2,25,0.013490779
2016,2,26,0.010944022
2016,2,29,-0.009259325
2016,3,1,0.006314463
2016,3,2,0.002944863
2016,3,3,-0.002988882
2016,3,4,0.001935002
2016,3,7,-0.002507425
2016,3,8,-0.009248058
2016,3,9,0.003727208
2016,3,10,0.004463208
2016,3,11,0.001013595
2016,3,14,0.000704504
2016,3,15,-0.006447077
2016,3,16,0.007019122
2016,3,17,-0.020847516
2016,3,18,0.000718423
2016,3,21,0.001973006
2016,3,22,0.001834986
2016,3,23,0.007483998
2016,3,24,-8.88E-05
2016,3,25,0
2016,3,28,0.005356247
2016,3,29,0.001279478
2016,3,30,-0.00836825
2016,3,31,-0.000533689
